sss_year,state,income_min,income_max,rent_min,rent_max,value
2026,MN,0,2210,0,25,1
2026,MN,0,2210,25,50,25
2026,MN,0,2210,50,75,49
2026,MN,0,2210,75,100,73
2026,MN,0,2210,100,125,96
2026,MN,0,2210,125,150,120
2026,MN,0,2210,150,175,144
2026,MN,0,2210,175,200,168
2026,MN,0,2210,200,225,191
2026,MN,0,2210,225,250,215
2026,MN,0,2210,250,275,239
2026,MN,0,2210,275,300,263
2026,MN,0,2210,300,325,286
2026,MN,0,2210,325,350,310
2026,MN,0,2210,350,375,334
2026,MN,0,2210,375,400,358
2026,MN,0,2210,400,425,381
2026,MN,0,2210,425,450,405
2026,MN,0,2210,450,475,429
2026,MN,0,2210,475,500,453
2026,MN,0,2210,500,525,476
2026,MN,0,2210,525,550,500
2026,MN,0,2210,550,575,524
2026,MN,0,2210,575,600,548
2026,MN,0,2210,600,625,571
2026,MN,0,2210,625,650,595
2026,MN,0,2210,650,675,619
2026,MN,0,2210,675,700,643
2026,MN,0,2210,700,725,666
2026,MN,0,2210,725,750,690
2026,MN,0,2210,750,775,714
2026,MN,0,2210,775,800,738
2026,MN,0,2210,800,825,761
2026,MN,0,2210,825,850,785
2026,MN,0,2210,850,875,809
2026,MN,0,2210,875,900,833
2026,MN,0,2210,900,925,856
2026,MN,0,2210,925,950,880
2026,MN,0,2210,950,975,904
2026,MN,0,2210,975,1000,928
2026,MN,0,2210,1000,1025,951
2026,MN,0,2210,1025,1050,975
2026,MN,0,2210,1050,1075,999
2026,MN,0,2210,1075,1100,1023
2026,MN,0,2210,1100,1125,1046
2026,MN,0,2210,1125,1150,1070
2026,MN,0,2210,1150,1175,1094
2026,MN,0,2210,1175,1200,1118
2026,MN,0,2210,1200,1225,1141
2026,MN,0,2210,1225,1250,1165
2026,MN,0,2210,1250,1275,1189
2026,MN,0,2210,1275,1300,1213
2026,MN,0,2210,1300,1325,1236
2026,MN,0,2210,1325,1350,1260
2026,MN,0,2210,1350,1375,1284
2026,MN,0,2210,1375,1400,1308
2026,MN,0,2210,1400,1425,1331
2026,MN,0,2210,1425,1450,1355
2026,MN,0,2210,1450,1475,1379
2026,MN,0,2210,1475,1500,1403
2026,MN,0,2210,1500,1525,1426
2026,MN,0,2210,1525,1550,1450
2026,MN,0,2210,1550,1575,1474
2026,MN,0,2210,1575,1600,1498
2026,MN,0,2210,1600,1625,1521
2026,MN,0,2210,1625,1650,1545
2026,MN,0,2210,1650,1675,1569
2026,MN,0,2210,1675,1700,1593
2026,MN,0,2210,1700,1725,1616
2026,MN,0,2210,1725,1750,1640
2026,MN,0,2210,1750,1775,1664
2026,MN,0,2210,1775,1800,1688
2026,MN,0,2210,1800,1825,1711
2026,MN,0,2210,1825,1850,1735
2026,MN,0,2210,1850,1875,1759
2026,MN,0,2210,1875,1900,1783
2026,MN,0,2210,1900,1925,1806
2026,MN,0,2210,1925,1950,1830
2026,MN,0,2210,1950,1975,1854
2026,MN,0,2210,1975,2000,1878
2026,MN,0,2210,2000,2025,1901
2026,MN,0,2210,2025,2050,1925
2026,MN,0,2210,2050,2075,1949
2026,MN,0,2210,2075,2100,1973
2026,MN,0,2210,2100,2125,1996
2026,MN,0,2210,2125,2150,2020
2026,MN,0,2210,2150,2175,2044
2026,MN,0,2210,2175,2200,2068
2026,MN,0,2210,2200,2225,2091
2026,MN,0,2210,2225,2250,2115
2026,MN,0,2210,2250,2275,2139
2026,MN,0,2210,2275,2300,2163
2026,MN,0,2210,2300,2325,2186
2026,MN,0,2210,2325,2350,2210
2026,MN,0,2210,2350,2375,2234
2026,MN,0,2210,2375,2400,2258
2026,MN,0,2210,2400,2425,2281
2026,MN,0,2210,2425,2450,2305
2026,MN,0,2210,2450,2475,2329
2026,MN,0,2210,2475,2500,2353
2026,MN,2210,4430,0,25,0
2026,MN,2210,4430,25,50,4
2026,MN,2210,4430,50,75,28
2026,MN,2210,4430,75,100,52
2026,MN,2210,4430,100,125,75
2026,MN,2210,4430,125,150,99
2026,MN,2210,4430,150,175,123
2026,MN,2210,4430,175,200,147
2026,MN,2210,4430,200,225,170
2026,MN,2210,4430,225,250,194
2026,MN,2210,4430,250,275,218
2026,MN,2210,4430,275,300,242
2026,MN,2210,4430,300,325,265
2026,MN,2210,4430,325,350,289
2026,MN,2210,4430,350,375,313
2026,MN,2210,4430,375,400,337
2026,MN,2210,4430,400,425,360
2026,MN,2210,4430,425,450,384
2026,MN,2210,4430,450,475,408
2026,MN,2210,4430,475,500,432
2026,MN,2210,4430,500,525,455
2026,MN,2210,4430,525,550,479
2026,MN,2210,4430,550,575,503
2026,MN,2210,4430,575,600,527
2026,MN,2210,4430,600,625,550
2026,MN,2210,4430,625,650,574
2026,MN,2210,4430,650,675,598
2026,MN,2210,4430,675,700,622
2026,MN,2210,4430,700,725,645
2026,MN,2210,4430,725,750,669
2026,MN,2210,4430,750,775,693
2026,MN,2210,4430,775,800,717
2026,MN,2210,4430,800,825,740
2026,MN,2210,4430,825,850,764
2026,MN,2210,4430,850,875,788
2026,MN,2210,4430,875,900,812
2026,MN,2210,4430,900,925,835
2026,MN,2210,4430,925,950,859
2026,MN,2210,4430,950,975,883
2026,MN,2210,4430,975,1000,907
2026,MN,2210,4430,1000,1025,930
2026,MN,2210,4430,1025,1050,954
2026,MN,2210,4430,1050,1075,978
2026,MN,2210,4430,1075,1100,1002
2026,MN,2210,4430,1100,1125,1025
2026,MN,2210,4430,1125,1150,1049
2026,MN,2210,4430,1150,1175,1073
2026,MN,2210,4430,1175,1200,1097
2026,MN,2210,4430,1200,1225,1120
2026,MN,2210,4430,1225,1250,1144
2026,MN,2210,4430,1250,1275,1168
2026,MN,2210,4430,1275,1300,1192
2026,MN,2210,4430,1300,1325,1215
2026,MN,2210,4430,1325,1350,1239
2026,MN,2210,4430,1350,1375,1263
2026,MN,2210,4430,1375,1400,1287
2026,MN,2210,4430,1400,1425,1310
2026,MN,2210,4430,1425,1450,1334
2026,MN,2210,4430,1450,1475,1358
2026,MN,2210,4430,1475,1500,1382
2026,MN,2210,4430,1500,1525,1405
2026,MN,2210,4430,1525,1550,1429
2026,MN,2210,4430,1550,1575,1453
2026,MN,2210,4430,1575,1600,1477
2026,MN,2210,4430,1600,1625,1500
2026,MN,2210,4430,1625,1650,1524
2026,MN,2210,4430,1650,1675,1548
2026,MN,2210,4430,1675,1700,1572
2026,MN,2210,4430,1700,1725,1595
2026,MN,2210,4430,1725,1750,1619
2026,MN,2210,4430,1750,1775,1643
2026,MN,2210,4430,1775,1800,1667
2026,MN,2210,4430,1800,1825,1690
2026,MN,2210,4430,1825,1850,1714
2026,MN,2210,4430,1850,1875,1738
2026,MN,2210,4430,1875,1900,1762
2026,MN,2210,4430,1900,1925,1785
2026,MN,2210,4430,1925,1950,1809
2026,MN,2210,4430,1950,1975,1833
2026,MN,2210,4430,1975,2000,1857
2026,MN,2210,4430,2000,2025,1880
2026,MN,2210,4430,2025,2050,1904
2026,MN,2210,4430,2050,2075,1928
2026,MN,2210,4430,2075,2100,1952
2026,MN,2210,4430,2100,2125,1975
2026,MN,2210,4430,2125,2150,1999
2026,MN,2210,4430,2150,2175,2023
2026,MN,2210,4430,2175,2200,2047
2026,MN,2210,4430,2200,2225,2070
2026,MN,2210,4430,2225,2250,2094
2026,MN,2210,4430,2250,2275,2118
2026,MN,2210,4430,2275,2300,2142
2026,MN,2210,4430,2300,2325,2165
2026,MN,2210,4430,2325,2350,2189
2026,MN,2210,4430,2350,2375,2213
2026,MN,2210,4430,2375,2400,2237
2026,MN,2210,4430,2400,2425,2260
2026,MN,2210,4430,2425,2450,2284
2026,MN,2210,4430,2450,2475,2308
2026,MN,2210,4430,2475,2500,2332
2026,MN,4430,6670,0,25,0
2026,MN,4430,6670,25,50,0
2026,MN,4430,6670,50,75,7
2026,MN,4430,6670,75,100,30
2026,MN,4430,6670,100,125,54
2026,MN,4430,6670,125,150,78
2026,MN,4430,6670,150,175,102
2026,MN,4430,6670,175,200,125
2026,MN,4430,6670,200,225,149
2026,MN,4430,6670,225,250,173
2026,MN,4430,6670,250,275,197
2026,MN,4430,6670,275,300,220
2026,MN,4430,6670,300,325,244
2026,MN,4430,6670,325,350,268
2026,MN,4430,6670,350,375,292
2026,MN,4430,6670,375,400,315
2026,MN,4430,6670,400,425,339
2026,MN,4430,6670,425,450,363
2026,MN,4430,6670,450,475,387
2026,MN,4430,6670,475,500,410
2026,MN,4430,6670,500,525,434
2026,MN,4430,6670,525,550,458
2026,MN,4430,6670,550,575,482
2026,MN,4430,6670,575,600,505
2026,MN,4430,6670,600,625,529
2026,MN,4430,6670,625,650,553
2026,MN,4430,6670,650,675,577
2026,MN,4430,6670,675,700,600
2026,MN,4430,6670,700,725,624
2026,MN,4430,6670,725,750,648
2026,MN,4430,6670,750,775,672
2026,MN,4430,6670,775,800,695
2026,MN,4430,6670,800,825,719
2026,MN,4430,6670,825,850,743
2026,MN,4430,6670,850,875,767
2026,MN,4430,6670,875,900,790
2026,MN,4430,6670,900,925,814
2026,MN,4430,6670,925,950,838
2026,MN,4430,6670,950,975,862
2026,MN,4430,6670,975,1000,885
2026,MN,4430,6670,1000,1025,909
2026,MN,4430,6670,1025,1050,933
2026,MN,4430,6670,1050,1075,957
2026,MN,4430,6670,1075,1100,980
2026,MN,4430,6670,1100,1125,1004
2026,MN,4430,6670,1125,1150,1028
2026,MN,4430,6670,1150,1175,1052
2026,MN,4430,6670,1175,1200,1075
2026,MN,4430,6670,1200,1225,1099
2026,MN,4430,6670,1225,1250,1123
2026,MN,4430,6670,1250,1275,1147
2026,MN,4430,6670,1275,1300,1170
2026,MN,4430,6670,1300,1325,1194
2026,MN,4430,6670,1325,1350,1218
2026,MN,4430,6670,1350,1375,1242
2026,MN,4430,6670,1375,1400,1265
2026,MN,4430,6670,1400,1425,1289
2026,MN,4430,6670,1425,1450,1313
2026,MN,4430,6670,1450,1475,1337
2026,MN,4430,6670,1475,1500,1360
2026,MN,4430,6670,1500,1525,1384
2026,MN,4430,6670,1525,1550,1408
2026,MN,4430,6670,1550,1575,1432
2026,MN,4430,6670,1575,1600,1455
2026,MN,4430,6670,1600,1625,1479
2026,MN,4430,6670,1625,1650,1503
2026,MN,4430,6670,1650,1675,1527
2026,MN,4430,6670,1675,1700,1550
2026,MN,4430,6670,1700,1725,1574
2026,MN,4430,6670,1725,1750,1598
2026,MN,4430,6670,1750,1775,1622
2026,MN,4430,6670,1775,1800,1645
2026,MN,4430,6670,1800,1825,1669
2026,MN,4430,6670,1825,1850,1693
2026,MN,4430,6670,1850,1875,1717
2026,MN,4430,6670,1875,1900,1740
2026,MN,4430,6670,1900,1925,1764
2026,MN,4430,6670,1925,1950,1788
2026,MN,4430,6670,1950,1975,1812
2026,MN,4430,6670,1975,2000,1835
2026,MN,4430,6670,2000,2025,1859
2026,MN,4430,6670,2025,2050,1883
2026,MN,4430,6670,2050,2075,1907
2026,MN,4430,6670,2075,2100,1930
2026,MN,4430,6670,2100,2125,1954
2026,MN,4430,6670,2125,2150,1978
2026,MN,4430,6670,2150,2175,2002
2026,MN,4430,6670,2175,2200,2025
2026,MN,4430,6670,2200,2225,2049
2026,MN,4430,6670,2225,2250,2073
2026,MN,4430,6670,2250,2275,2097
2026,MN,4430,6670,2275,2300,2120
2026,MN,4430,6670,2300,2325,2144
2026,MN,4430,6670,2325,2350,2168
2026,MN,4430,6670,2350,2375,2192
2026,MN,4430,6670,2375,2400,2215
2026,MN,4430,6670,2400,2425,2239
2026,MN,4430,6670,2425,2450,2263
2026,MN,4430,6670,2450,2475,2287
2026,MN,4430,6670,2475,2500,2310
2026,MN,6670,8860,0,25,0
2026,MN,6670,8860,25,50,0
2026,MN,6670,8860,50,75,0
2026,MN,6670,8860,75,100,9
2026,MN,6670,8860,100,125,31
2026,MN,6670,8860,125,150,54
2026,MN,6670,8860,150,175,76
2026,MN,6670,8860,175,200,99
2026,MN,6670,8860,200,225,121
2026,MN,6670,8860,225,250,144
2026,MN,6670,8860,250,275,166
2026,MN,6670,8860,275,300,189
2026,MN,6670,8860,300,325,211
2026,MN,6670,8860,325,350,234
2026,MN,6670,8860,350,375,256
2026,MN,6670,8860,375,400,279
2026,MN,6670,8860,400,425,301
2026,MN,6670,8860,425,450,324
2026,MN,6670,8860,450,475,346
2026,MN,6670,8860,475,500,369
2026,MN,6670,8860,500,525,391
2026,MN,6670,8860,525,550,414
2026,MN,6670,8860,550,575,436
2026,MN,6670,8860,575,600,459
2026,MN,6670,8860,600,625,481
2026,MN,6670,8860,625,650,504
2026,MN,6670,8860,650,675,526
2026,MN,6670,8860,675,700,549
2026,MN,6670,8860,700,725,571
2026,MN,6670,8860,725,750,594
2026,MN,6670,8860,750,775,616
2026,MN,6670,8860,775,800,639
2026,MN,6670,8860,800,825,661
2026,MN,6670,8860,825,850,684
2026,MN,6670,8860,850,875,706
2026,MN,6670,8860,875,900,729
2026,MN,6670,8860,900,925,751
2026,MN,6670,8860,925,950,774
2026,MN,6670,8860,950,975,796
2026,MN,6670,8860,975,1000,819
2026,MN,6670,8860,1000,1025,841
2026,MN,6670,8860,1025,1050,864
2026,MN,6670,8860,1050,1075,886
2026,MN,6670,8860,1075,1100,909
2026,MN,6670,8860,1100,1125,931
2026,MN,6670,8860,1125,1150,954
2026,MN,6670,8860,1150,1175,976
2026,MN,6670,8860,1175,1200,999
2026,MN,6670,8860,1200,1225,1021
2026,MN,6670,8860,1225,1250,1044
2026,MN,6670,8860,1250,1275,1066
2026,MN,6670,8860,1275,1300,1089
2026,MN,6670,8860,1300,1325,1111
2026,MN,6670,8860,1325,1350,1134
2026,MN,6670,8860,1350,1375,1156
2026,MN,6670,8860,1375,1400,1179
2026,MN,6670,8860,1400,1425,1201
2026,MN,6670,8860,1425,1450,1224
2026,MN,6670,8860,1450,1475,1246
2026,MN,6670,8860,1475,1500,1269
2026,MN,6670,8860,1500,1525,1291
2026,MN,6670,8860,1525,1550,1314
2026,MN,6670,8860,1550,1575,1336
2026,MN,6670,8860,1575,1600,1359
2026,MN,6670,8860,1600,1625,1381
2026,MN,6670,8860,1625,1650,1404
2026,MN,6670,8860,1650,1675,1426
2026,MN,6670,8860,1675,1700,1449
2026,MN,6670,8860,1700,1725,1471
2026,MN,6670,8860,1725,1750,1494
2026,MN,6670,8860,1750,1775,1516
2026,MN,6670,8860,1775,1800,1539
2026,MN,6670,8860,1800,1825,1561
2026,MN,6670,8860,1825,1850,1584
2026,MN,6670,8860,1850,1875,1606
2026,MN,6670,8860,1875,1900,1629
2026,MN,6670,8860,1900,1925,1651
2026,MN,6670,8860,1925,1950,1674
2026,MN,6670,8860,1950,1975,1696
2026,MN,6670,8860,1975,2000,1719
2026,MN,6670,8860,2000,2025,1741
2026,MN,6670,8860,2025,2050,1764
2026,MN,6670,8860,2050,2075,1786
2026,MN,6670,8860,2075,2100,1809
2026,MN,6670,8860,2100,2125,1831
2026,MN,6670,8860,2125,2150,1854
2026,MN,6670,8860,2150,2175,1876
2026,MN,6670,8860,2175,2200,1899
2026,MN,6670,8860,2200,2225,1921
2026,MN,6670,8860,2225,2250,1944
2026,MN,6670,8860,2250,2275,1966
2026,MN,6670,8860,2275,2300,1989
2026,MN,6670,8860,2300,2325,2011
2026,MN,6670,8860,2325,2350,2034
2026,MN,6670,8860,2350,2375,2056
2026,MN,6670,8860,2375,2400,2079
2026,MN,6670,8860,2400,2425,2101
2026,MN,6670,8860,2425,2450,2124
2026,MN,6670,8860,2450,2475,2146
2026,MN,6670,8860,2475,2500,2169
2026,MN,8860,11070,0,25,0
2026,MN,8860,11070,25,50,0
2026,MN,8860,11070,50,75,0
2026,MN,8860,11070,75,100,0
2026,MN,8860,11070,100,125,3
2026,MN,8860,11070,125,150,25
2026,MN,8860,11070,150,175,48
2026,MN,8860,11070,175,200,70
2026,MN,8860,11070,200,225,93
2026,MN,8860,11070,225,250,115
2026,MN,8860,11070,250,275,138
2026,MN,8860,11070,275,300,160
2026,MN,8860,11070,300,325,183
2026,MN,8860,11070,325,350,205
2026,MN,8860,11070,350,375,228
2026,MN,8860,11070,375,400,250
2026,MN,8860,11070,400,425,273
2026,MN,8860,11070,425,450,295
2026,MN,8860,11070,450,475,318
2026,MN,8860,11070,475,500,340
2026,MN,8860,11070,500,525,363
2026,MN,8860,11070,525,550,385
2026,MN,8860,11070,550,575,408
2026,MN,8860,11070,575,600,430
2026,MN,8860,11070,600,625,453
2026,MN,8860,11070,625,650,475
2026,MN,8860,11070,650,675,498
2026,MN,8860,11070,675,700,520
2026,MN,8860,11070,700,725,543
2026,MN,8860,11070,725,750,565
2026,MN,8860,11070,750,775,588
2026,MN,8860,11070,775,800,610
2026,MN,8860,11070,800,825,633
2026,MN,8860,11070,825,850,655
2026,MN,8860,11070,850,875,678
2026,MN,8860,11070,875,900,700
2026,MN,8860,11070,900,925,723
2026,MN,8860,11070,925,950,745
2026,MN,8860,11070,950,975,768
2026,MN,8860,11070,975,1000,790
2026,MN,8860,11070,1000,1025,813
2026,MN,8860,11070,1025,1050,835
2026,MN,8860,11070,1050,1075,858
2026,MN,8860,11070,1075,1100,880
2026,MN,8860,11070,1100,1125,903
2026,MN,8860,11070,1125,1150,925
2026,MN,8860,11070,1150,1175,948
2026,MN,8860,11070,1175,1200,970
2026,MN,8860,11070,1200,1225,993
2026,MN,8860,11070,1225,1250,1015
2026,MN,8860,11070,1250,1275,1038
2026,MN,8860,11070,1275,1300,1060
2026,MN,8860,11070,1300,1325,1083
2026,MN,8860,11070,1325,1350,1105
2026,MN,8860,11070,1350,1375,1128
2026,MN,8860,11070,1375,1400,1150
2026,MN,8860,11070,1400,1425,1173
2026,MN,8860,11070,1425,1450,1195
2026,MN,8860,11070,1450,1475,1218
2026,MN,8860,11070,1475,1500,1240
2026,MN,8860,11070,1500,1525,1263
2026,MN,8860,11070,1525,1550,1285
2026,MN,8860,11070,1550,1575,1308
2026,MN,8860,11070,1575,1600,1330
2026,MN,8860,11070,1600,1625,1353
2026,MN,8860,11070,1625,1650,1375
2026,MN,8860,11070,1650,1675,1398
2026,MN,8860,11070,1675,1700,1420
2026,MN,8860,11070,1700,1725,1443
2026,MN,8860,11070,1725,1750,1465
2026,MN,8860,11070,1750,1775,1488
2026,MN,8860,11070,1775,1800,1510
2026,MN,8860,11070,1800,1825,1533
2026,MN,8860,11070,1825,1850,1555
2026,MN,8860,11070,1850,1875,1578
2026,MN,8860,11070,1875,1900,1600
2026,MN,8860,11070,1900,1925,1623
2026,MN,8860,11070,1925,1950,1645
2026,MN,8860,11070,1950,1975,1668
2026,MN,8860,11070,1975,2000,1690
2026,MN,8860,11070,2000,2025,1713
2026,MN,8860,11070,2025,2050,1735
2026,MN,8860,11070,2050,2075,1758
2026,MN,8860,11070,2075,2100,1780
2026,MN,8860,11070,2100,2125,1803
2026,MN,8860,11070,2125,2150,1825
2026,MN,8860,11070,2150,2175,1848
2026,MN,8860,11070,2175,2200,1870
2026,MN,8860,11070,2200,2225,1893
2026,MN,8860,11070,2225,2250,1915
2026,MN,8860,11070,2250,2275,1938
2026,MN,8860,11070,2275,2300,1960
2026,MN,8860,11070,2300,2325,1983
2026,MN,8860,11070,2325,2350,2005
2026,MN,8860,11070,2350,2375,2028
2026,MN,8860,11070,2375,2400,2050
2026,MN,8860,11070,2400,2425,2073
2026,MN,8860,11070,2425,2450,2095
2026,MN,8860,11070,2450,2475,2118
2026,MN,8860,11070,2475,2500,2140
2026,MN,11070,13290,0,25,0
2026,MN,11070,13290,25,50,0
2026,MN,11070,13290,50,75,0
2026,MN,11070,13290,75,100,0
2026,MN,11070,13290,100,125,0
2026,MN,11070,13290,125,150,0
2026,MN,11070,13290,150,175,15
2026,MN,11070,13290,175,200,37
2026,MN,11070,13290,200,225,60
2026,MN,11070,13290,225,250,82
2026,MN,11070,13290,250,275,105
2026,MN,11070,13290,275,300,127
2026,MN,11070,13290,300,325,150
2026,MN,11070,13290,325,350,172
2026,MN,11070,13290,350,375,195
2026,MN,11070,13290,375,400,217
2026,MN,11070,13290,400,425,240
2026,MN,11070,13290,425,450,262
2026,MN,11070,13290,450,475,285
2026,MN,11070,13290,475,500,307
2026,MN,11070,13290,500,525,330
2026,MN,11070,13290,525,550,352
2026,MN,11070,13290,550,575,375
2026,MN,11070,13290,575,600,397
2026,MN,11070,13290,600,625,420
2026,MN,11070,13290,625,650,442
2026,MN,11070,13290,650,675,465
2026,MN,11070,13290,675,700,487
2026,MN,11070,13290,700,725,510
2026,MN,11070,13290,725,750,532
2026,MN,11070,13290,750,775,555
2026,MN,11070,13290,775,800,577
2026,MN,11070,13290,800,825,600
2026,MN,11070,13290,825,850,622
2026,MN,11070,13290,850,875,645
2026,MN,11070,13290,875,900,667
2026,MN,11070,13290,900,925,690
2026,MN,11070,13290,925,950,712
2026,MN,11070,13290,950,975,735
2026,MN,11070,13290,975,1000,757
2026,MN,11070,13290,1000,1025,780
2026,MN,11070,13290,1025,1050,802
2026,MN,11070,13290,1050,1075,825
2026,MN,11070,13290,1075,1100,847
2026,MN,11070,13290,1100,1125,870
2026,MN,11070,13290,1125,1150,892
2026,MN,11070,13290,1150,1175,915
2026,MN,11070,13290,1175,1200,937
2026,MN,11070,13290,1200,1225,960
2026,MN,11070,13290,1225,1250,982
2026,MN,11070,13290,1250,1275,1005
2026,MN,11070,13290,1275,1300,1027
2026,MN,11070,13290,1300,1325,1050
2026,MN,11070,13290,1325,1350,1072
2026,MN,11070,13290,1350,1375,1095
2026,MN,11070,13290,1375,1400,1117
2026,MN,11070,13290,1400,1425,1140
2026,MN,11070,13290,1425,1450,1162
2026,MN,11070,13290,1450,1475,1185
2026,MN,11070,13290,1475,1500,1207
2026,MN,11070,13290,1500,1525,1230
2026,MN,11070,13290,1525,1550,1252
2026,MN,11070,13290,1550,1575,1275
2026,MN,11070,13290,1575,1600,1297
2026,MN,11070,13290,1600,1625,1320
2026,MN,11070,13290,1625,1650,1342
2026,MN,11070,13290,1650,1675,1365
2026,MN,11070,13290,1675,1700,1387
2026,MN,11070,13290,1700,1725,1410
2026,MN,11070,13290,1725,1750,1432
2026,MN,11070,13290,1750,1775,1455
2026,MN,11070,13290,1775,1800,1477
2026,MN,11070,13290,1800,1825,1500
2026,MN,11070,13290,1825,1850,1522
2026,MN,11070,13290,1850,1875,1545
2026,MN,11070,13290,1875,1900,1567
2026,MN,11070,13290,1900,1925,1590
2026,MN,11070,13290,1925,1950,1612
2026,MN,11070,13290,1950,1975,1635
2026,MN,11070,13290,1975,2000,1657
2026,MN,11070,13290,2000,2025,1680
2026,MN,11070,13290,2025,2050,1702
2026,MN,11070,13290,2050,2075,1725
2026,MN,11070,13290,2075,2100,1747
2026,MN,11070,13290,2100,2125,1770
2026,MN,11070,13290,2125,2150,1792
2026,MN,11070,13290,2150,2175,1815
2026,MN,11070,13290,2175,2200,1837
2026,MN,11070,13290,2200,2225,1860
2026,MN,11070,13290,2225,2250,1882
2026,MN,11070,13290,2250,2275,1905
2026,MN,11070,13290,2275,2300,1927
2026,MN,11070,13290,2300,2325,1950
2026,MN,11070,13290,2325,2350,1972
2026,MN,11070,13290,2350,2375,1995
2026,MN,11070,13290,2375,2400,2017
2026,MN,11070,13290,2400,2425,2040
2026,MN,11070,13290,2425,2450,2062
2026,MN,11070,13290,2450,2475,2085
2026,MN,11070,13290,2475,2500,2107
2026,MN,13290,15530,0,25,0
2026,MN,13290,15530,25,50,0
2026,MN,13290,15530,50,75,0
2026,MN,13290,15530,75,100,0
2026,MN,13290,15530,100,125,0
2026,MN,13290,15530,125,150,0
2026,MN,13290,15530,150,175,0
2026,MN,13290,15530,175,200,13
2026,MN,13290,15530,200,225,36
2026,MN,13290,15530,225,250,58
2026,MN,13290,15530,250,275,81
2026,MN,13290,15530,275,300,103
2026,MN,13290,15530,300,325,126
2026,MN,13290,15530,325,350,148
2026,MN,13290,15530,350,375,171
2026,MN,13290,15530,375,400,193
2026,MN,13290,15530,400,425,216
2026,MN,13290,15530,425,450,238
2026,MN,13290,15530,450,475,261
2026,MN,13290,15530,475,500,283
2026,MN,13290,15530,500,525,306
2026,MN,13290,15530,525,550,328
2026,MN,13290,15530,550,575,351
2026,MN,13290,15530,725,750,508
2026,MN,13290,15530,750,775,531
2026,MN,13290,15530,775,800,553
2026,MN,13290,15530,800,825,576
2026,MN,13290,15530,825,850,598
2026,MN,13290,15530,850,875,621
2026,MN,13290,15530,875,900,643
2026,MN,13290,15530,900,925,666
2026,MN,13290,15530,925,950,688
2026,MN,13290,15530,950,975,711
2026,MN,13290,15530,975,1000,733
2026,MN,13290,15530,1000,1025,756
2026,MN,13290,15530,1025,1050,778
2026,MN,13290,15530,1050,1075,801
2026,MN,13290,15530,1425,1450,1138
2026,MN,13290,15530,1450,1475,1161
2026,MN,13290,15530,1475,1500,1183
2026,MN,13290,15530,1500,1525,1206
2026,MN,13290,15530,1525,1550,1228
2026,MN,13290,15530,1550,1575,1251
2026,MN,13290,15530,1575,1600,1273
2026,MN,13290,15530,1600,1625,1296
2026,MN,13290,15530,1625,1650,1318
2026,MN,13290,15530,1650,1675,1341
2026,MN,13290,15530,1675,1700,1363
2026,MN,13290,15530,1700,1725,1386
2026,MN,13290,15530,1725,1750,1408
2026,MN,13290,15530,1750,1775,1431
2026,MN,13290,15530,1775,1800,1453
2026,MN,13290,15530,1800,1825,1476
2026,MN,13290,15530,1825,1850,1498
2026,MN,13290,15530,1850,1875,1521
2026,MN,13290,15530,1875,1900,1543
2026,MN,13290,15530,1900,1925,1566
2026,MN,13290,15530,1925,1950,1588
2026,MN,13290,15530,1950,1975,1611
2026,MN,13290,15530,1975,2000,1633
2026,MN,13290,15530,2000,2025,1656
2026,MN,13290,15530,2025,2050,1678
2026,MN,13290,15530,2050,2075,1701
2026,MN,13290,15530,2075,2100,1723
2026,MN,13290,15530,2100,2125,1746
2026,MN,13290,15530,2125,2150,1768
2026,MN,13290,15530,2150,2175,1791
2026,MN,13290,15530,2175,2200,1813
2026,MN,13290,15530,2200,2225,1836
2026,MN,13290,15530,2225,2250,1858
2026,MN,13290,15530,2250,2275,1881
2026,MN,13290,15530,2275,2300,1903
2026,MN,13290,15530,2300,2325,1926
2026,MN,13290,15530,2325,2350,1948
2026,MN,13290,15530,2350,2375,1971
2026,MN,13290,15530,2375,2400,1993
2026,MN,13290,15530,2400,2425,2016
2026,MN,13290,15530,2425,2450,2038
2026,MN,13290,15530,2450,2475,2061
2026,MN,13290,15530,2475,2500,2083
2026,MN,15530,17730,0,25,0
2026,MN,15530,17730,25,50,0
2026,MN,15530,17730,50,75,0
2026,MN,15530,17730,75,100,0
2026,MN,15530,17730,100,125,0
2026,MN,15530,17730,125,150,0
2026,MN,15530,17730,150,175,0
2026,MN,15530,17730,175,200,0
2026,MN,15530,17730,200,225,0
2026,MN,15530,17730,225,250,18
2026,MN,15530,17730,250,275,39
2026,MN,15530,17730,275,300,61
2026,MN,15530,17730,300,325,82
2026,MN,15530,17730,325,350,103
2026,MN,15530,17730,350,375,124
2026,MN,15530,17730,375,400,146
2026,MN,15530,17730,400,425,167
2026,MN,15530,17730,425,450,188
2026,MN,15530,17730,450,475,209
2026,MN,15530,17730,475,500,231
2026,MN,15530,17730,500,525,252
2026,MN,15530,17730,525,550,273
2026,MN,15530,17730,550,575,294
2026,MN,15530,17730,575,600,316
2026,MN,15530,17730,600,625,337
2026,MN,15530,17730,625,650,358
2026,MN,15530,17730,650,675,379
2026,MN,15530,17730,675,700,401
2026,MN,15530,17730,700,725,422
2026,MN,15530,17730,725,750,443
2026,MN,15530,17730,750,775,464
2026,MN,15530,17730,775,800,486
2026,MN,15530,17730,800,825,507
2026,MN,15530,17730,825,850,528
2026,MN,15530,17730,850,875,549
2026,MN,15530,17730,875,900,571
2026,MN,15530,17730,900,925,592
2026,MN,15530,17730,925,950,613
2026,MN,15530,17730,950,975,634
2026,MN,15530,17730,975,1000,656
2026,MN,15530,17730,1000,1025,677
2026,MN,15530,17730,1025,1050,698
2026,MN,15530,17730,1050,1075,719
2026,MN,15530,17730,1075,1100,741
2026,MN,15530,17730,1100,1125,762
2026,MN,15530,17730,1125,1150,783
2026,MN,15530,17730,1150,1175,804
2026,MN,15530,17730,1175,1200,826
2026,MN,15530,17730,1200,1225,847
2026,MN,15530,17730,1225,1250,868
2026,MN,15530,17730,1250,1275,889
2026,MN,15530,17730,1275,1300,911
2026,MN,15530,17730,1300,1325,932
2026,MN,15530,17730,1325,1350,953
2026,MN,15530,17730,1350,1375,974
2026,MN,15530,17730,1375,1400,996
2026,MN,15530,17730,1400,1425,1017
2026,MN,15530,17730,1425,1450,1038
2026,MN,15530,17730,1450,1475,1059
2026,MN,15530,17730,1475,1500,1081
2026,MN,15530,17730,1500,1525,1102
2026,MN,15530,17730,1525,1550,1123
2026,MN,15530,17730,1550,1575,1144
2026,MN,15530,17730,1575,1600,1166
2026,MN,15530,17730,1600,1625,1187
2026,MN,15530,17730,1625,1650,1208
2026,MN,15530,17730,1650,1675,1229
2026,MN,15530,17730,1675,1700,1251
2026,MN,15530,17730,1700,1725,1272
2026,MN,15530,17730,1725,1750,1293
2026,MN,15530,17730,1750,1775,1314
2026,MN,15530,17730,1775,1800,1336
2026,MN,15530,17730,1800,1825,1357
2026,MN,15530,17730,1825,1850,1378
2026,MN,15530,17730,1850,1875,1399
2026,MN,15530,17730,1875,1900,1421
2026,MN,15530,17730,1900,1925,1442
2026,MN,15530,17730,1925,1950,1463
2026,MN,15530,17730,1950,1975,1484
2026,MN,15530,17730,1975,2000,1506
2026,MN,15530,17730,2000,2025,1527
2026,MN,15530,17730,2025,2050,1548
2026,MN,15530,17730,2050,2075,1569
2026,MN,15530,17730,2075,2100,1591
2026,MN,15530,17730,2100,2125,1612
2026,MN,15530,17730,2125,2150,1633
2026,MN,15530,17730,2150,2175,1654
2026,MN,15530,17730,2175,2200,1676
2026,MN,15530,17730,2200,2225,1697
2026,MN,15530,17730,2225,2250,1718
2026,MN,15530,17730,2250,2275,1739
2026,MN,15530,17730,2275,2300,1761
2026,MN,15530,17730,2300,2325,1782
2026,MN,15530,17730,2325,2350,1803
2026,MN,15530,17730,2350,2375,1824
2026,MN,15530,17730,2375,2400,1846
2026,MN,15530,17730,2400,2425,1867
2026,MN,15530,17730,2425,2450,1888
2026,MN,15530,17730,2450,2475,1909
2026,MN,15530,17730,2475,2500,1931
2026,MN,17730,19960,0,25,0
2026,MN,17730,19960,25,50,0
2026,MN,17730,19960,50,75,0
2026,MN,17730,19960,75,100,0
2026,MN,17730,19960,100,125,0
2026,MN,17730,19960,125,150,0
2026,MN,17730,19960,150,175,0
2026,MN,17730,19960,175,200,0
2026,MN,17730,19960,200,225,0
2026,MN,17730,19960,225,250,0
2026,MN,17730,19960,250,275,15
2026,MN,17730,19960,275,300,36
2026,MN,17730,19960,300,325,57
2026,MN,17730,19960,325,350,79
2026,MN,17730,19960,350,375,100
2026,MN,17730,19960,375,400,121
2026,MN,17730,19960,400,425,142
2026,MN,17730,19960,425,450,164
2026,MN,17730,19960,450,475,185
2026,MN,17730,19960,475,500,206
2026,MN,17730,19960,500,525,227
2026,MN,17730,19960,525,550,249
2026,MN,17730,19960,550,575,270
2026,MN,17730,19960,575,600,291
2026,MN,17730,19960,600,625,312
2026,MN,17730,19960,625,650,334
2026,MN,17730,19960,650,675,355
2026,MN,17730,19960,675,700,376
2026,MN,17730,19960,700,725,397
2026,MN,17730,19960,725,750,419
2026,MN,17730,19960,750,775,440
2026,MN,17730,19960,775,800,461
2026,MN,17730,19960,800,825,482
2026,MN,17730,19960,825,850,504
2026,MN,17730,19960,850,875,525
2026,MN,17730,19960,875,900,546
2026,MN,17730,19960,900,925,567
2026,MN,17730,19960,925,950,589
2026,MN,17730,19960,950,975,610
2026,MN,17730,19960,975,1000,631
2026,MN,17730,19960,1000,1025,652
2026,MN,17730,19960,1025,1050,674
2026,MN,17730,19960,1050,1075,695
2026,MN,17730,19960,1075,1100,716
2026,MN,17730,19960,1100,1125,737
2026,MN,17730,19960,1125,1150,759
2026,MN,17730,19960,1150,1175,780
2026,MN,17730,19960,1175,1200,801
2026,MN,17730,19960,1200,1225,822
2026,MN,17730,19960,1225,1250,844
2026,MN,17730,19960,1250,1275,865
2026,MN,17730,19960,1275,1300,886
2026,MN,17730,19960,1300,1325,907
2026,MN,17730,19960,1325,1350,929
2026,MN,17730,19960,1350,1375,950
2026,MN,17730,19960,1375,1400,971
2026,MN,17730,19960,1400,1425,992
2026,MN,17730,19960,1425,1450,1014
2026,MN,17730,19960,1450,1475,1035
2026,MN,17730,19960,1475,1500,1056
2026,MN,17730,19960,1500,1525,1077
2026,MN,17730,19960,1525,1550,1099
2026,MN,17730,19960,1550,1575,1120
2026,MN,17730,19960,1575,1600,1141
2026,MN,17730,19960,1600,1625,1162
2026,MN,17730,19960,1625,1650,1184
2026,MN,17730,19960,1650,1675,1205
2026,MN,17730,19960,1675,1700,1226
2026,MN,17730,19960,1700,1725,1247
2026,MN,17730,19960,1725,1750,1269
2026,MN,17730,19960,1750,1775,1290
2026,MN,17730,19960,1775,1800,1311
2026,MN,17730,19960,1800,1825,1332
2026,MN,17730,19960,1825,1850,1354
2026,MN,17730,19960,1850,1875,1375
2026,MN,17730,19960,1875,1900,1396
2026,MN,17730,19960,1900,1925,1417
2026,MN,17730,19960,1925,1950,1439
2026,MN,17730,19960,1950,1975,1460
2026,MN,17730,19960,1975,2000,1481
2026,MN,17730,19960,2250,2275,1715
2026,MN,17730,19960,2275,2300,1736
2026,MN,17730,19960,2300,2325,1757
2026,MN,17730,19960,2325,2350,1779
2026,MN,17730,19960,2350,2375,1800
2026,MN,17730,19960,2375,2400,1821
2026,MN,17730,19960,2400,2425,1842
2026,MN,17730,19960,2425,2450,1864
2026,MN,17730,19960,2450,2475,1885
2026,MN,17730,19960,2475,2500,1906
2026,MN,19960,22160,0,25,0
2026,MN,19960,22160,25,50,0
2026,MN,19960,22160,50,75,0
2026,MN,19960,22160,75,100,0
2026,MN,19960,22160,100,125,0
2026,MN,19960,22160,125,150,0
2026,MN,19960,22160,150,175,0
2026,MN,19960,22160,175,200,0
2026,MN,19960,22160,200,225,0
2026,MN,19960,22160,225,250,0
2026,MN,19960,22160,250,275,0
2026,MN,19960,22160,275,300,0
2026,MN,19960,22160,300,325,15
2026,MN,19960,22160,325,350,36
2026,MN,19960,22160,350,375,58
2026,MN,19960,22160,375,400,79
2026,MN,19960,22160,400,425,100
2026,MN,19960,22160,425,450,121
2026,MN,19960,22160,450,475,143
2026,MN,19960,22160,475,500,164
2026,MN,19960,22160,500,525,185
2026,MN,19960,22160,525,550,206
2026,MN,19960,22160,550,575,228
2026,MN,19960,22160,575,600,249
2026,MN,19960,22160,600,625,270
2026,MN,19960,22160,625,650,291
2026,MN,19960,22160,650,675,313
2026,MN,19960,22160,675,700,334
2026,MN,19960,22160,700,725,355
2026,MN,19960,22160,725,750,376
2026,MN,19960,22160,750,775,398
2026,MN,19960,22160,775,800,419
2026,MN,19960,22160,800,825,440
2026,MN,19960,22160,825,850,461
2026,MN,19960,22160,850,875,483
2026,MN,19960,22160,875,900,504
2026,MN,19960,22160,900,925,525
2026,MN,19960,22160,925,950,546
2026,MN,19960,22160,950,975,568
2026,MN,19960,22160,975,1000,589
2026,MN,19960,22160,1000,1025,610
2026,MN,19960,22160,1025,1050,631
2026,MN,19960,22160,1050,1075,653
2026,MN,19960,22160,1075,1100,674
2026,MN,19960,22160,1100,1125,695
2026,MN,19960,22160,1125,1150,716
2026,MN,19960,22160,1150,1175,738
2026,MN,19960,22160,1175,1200,759
2026,MN,19960,22160,1200,1225,780
2026,MN,19960,22160,1225,1250,801
2026,MN,19960,22160,1250,1275,823
2026,MN,19960,22160,1275,1300,844
2026,MN,19960,22160,1300,1325,865
2026,MN,19960,22160,1325,1350,886
2026,MN,19960,22160,1350,1375,908
2026,MN,19960,22160,1375,1400,929
2026,MN,19960,22160,1400,1425,950
2026,MN,19960,22160,1425,1450,971
2026,MN,19960,22160,1450,1475,993
2026,MN,19960,22160,1475,1500,1014
2026,MN,19960,22160,1500,1525,1035
2026,MN,19960,22160,1525,1550,1056
2026,MN,19960,22160,1550,1575,1078
2026,MN,19960,22160,1575,1600,1099
2026,MN,19960,22160,1600,1625,1120
2026,MN,19960,22160,1625,1650,1141
2026,MN,19960,22160,1650,1675,1163
2026,MN,19960,22160,1675,1700,1184
2026,MN,19960,22160,1700,1725,1205
2026,MN,19960,22160,1725,1750,1226
2026,MN,19960,22160,1750,1775,1248
2026,MN,19960,22160,2000,2025,1460
2026,MN,19960,22160,2025,2050,1481
2026,MN,19960,22160,2050,2075,1503
2026,MN,19960,22160,2075,2100,1524
2026,MN,19960,22160,2100,2125,1545
2026,MN,19960,22160,2125,2150,1566
2026,MN,19960,22160,2150,2175,1588
2026,MN,19960,22160,2175,2200,1609
2026,MN,19960,22160,2200,2225,1630
2026,MN,19960,22160,2225,2250,1651
2026,MN,19960,22160,2250,2275,1673
2026,MN,19960,22160,2275,2300,1694
2026,MN,19960,22160,2300,2325,1715
2026,MN,19960,22160,2325,2350,1736
2026,MN,19960,22160,2350,2375,1758
2026,MN,19960,22160,2375,2400,1779
2026,MN,19960,22160,2400,2425,1800
2026,MN,19960,22160,2425,2450,1821
2026,MN,19960,22160,2450,2475,1843
2026,MN,19960,22160,2475,2500,1864
2026,MN,22160,24360,0,25,0
2026,MN,22160,24360,25,50,0
2026,MN,22160,24360,50,75,0
2026,MN,22160,24360,75,100,0
2026,MN,22160,24360,100,125,0
2026,MN,22160,24360,125,150,0
2026,MN,22160,24360,150,175,0
2026,MN,22160,24360,175,200,0
2026,MN,22160,24360,200,225,0
2026,MN,22160,24360,225,250,0
2026,MN,22160,24360,250,275,0
2026,MN,22160,24360,275,300,0
2026,MN,22160,24360,300,325,0
2026,MN,22160,24360,325,350,9
2026,MN,22160,24360,350,375,29
2026,MN,22160,24360,375,400,49
2026,MN,22160,24360,400,425,69
2026,MN,22160,24360,425,450,89
2026,MN,22160,24360,450,475,109
2026,MN,22160,24360,475,500,129
2026,MN,22160,24360,500,525,149
2026,MN,22160,24360,525,550,169
2026,MN,22160,24360,550,575,189
2026,MN,22160,24360,575,600,209
2026,MN,22160,24360,600,625,229
2026,MN,22160,24360,625,650,249
2026,MN,22160,24360,650,675,269
2026,MN,22160,24360,675,700,289
2026,MN,22160,24360,700,725,309
2026,MN,22160,24360,725,750,329
2026,MN,22160,24360,750,775,349
2026,MN,22160,24360,775,800,369
2026,MN,22160,24360,800,825,389
2026,MN,22160,24360,825,850,409
2026,MN,22160,24360,850,875,429
2026,MN,22160,24360,875,900,449
2026,MN,22160,24360,900,925,469
2026,MN,22160,24360,925,950,489
2026,MN,22160,24360,950,975,509
2026,MN,22160,24360,975,1000,529
2026,MN,22160,24360,1000,1025,549
2026,MN,22160,24360,1025,1050,569
2026,MN,22160,24360,1050,1075,589
2026,MN,22160,24360,1075,1100,609
2026,MN,22160,24360,1100,1125,629
2026,MN,22160,24360,1125,1150,649
2026,MN,22160,24360,1150,1175,669
2026,MN,22160,24360,1175,1200,689
2026,MN,22160,24360,1200,1225,709
2026,MN,22160,24360,1225,1250,729
2026,MN,22160,24360,1250,1275,749
2026,MN,22160,24360,1275,1300,769
2026,MN,22160,24360,1300,1325,789
2026,MN,22160,24360,1325,1350,809
2026,MN,22160,24360,1350,1375,829
2026,MN,22160,24360,1375,1400,849
2026,MN,22160,24360,1400,1425,869
2026,MN,22160,24360,1425,1450,889
2026,MN,22160,24360,1450,1475,909
2026,MN,22160,24360,1475,1500,929
2026,MN,22160,24360,1500,1525,949
2026,MN,22160,24360,1525,1550,969
2026,MN,22160,24360,1550,1575,989
2026,MN,22160,24360,1575,1600,1009
2026,MN,22160,24360,1600,1625,1029
2026,MN,22160,24360,1625,1650,1049
2026,MN,22160,24360,1650,1675,1069
2026,MN,22160,24360,1675,1700,1089
2026,MN,22160,24360,1700,1725,1109
2026,MN,22160,24360,1725,1750,1129
2026,MN,22160,24360,1750,1775,1149
2026,MN,22160,24360,1775,1800,1169
2026,MN,22160,24360,1800,1825,1189
2026,MN,22160,24360,1825,1850,1209
2026,MN,22160,24360,1850,1875,1229
2026,MN,22160,24360,1875,1900,1249
2026,MN,22160,24360,1900,1925,1269
2026,MN,22160,24360,1925,1950,1289
2026,MN,22160,24360,1950,1975,1309
2026,MN,22160,24360,1975,2000,1329
2026,MN,22160,24360,2000,2025,1349
2026,MN,22160,24360,2025,2050,1369
2026,MN,22160,24360,2050,2075,1389
2026,MN,22160,24360,2075,2100,1409
2026,MN,22160,24360,2100,2125,1429
2026,MN,22160,24360,2125,2150,1449
2026,MN,22160,24360,2150,2175,1469
2026,MN,22160,24360,2175,2200,1489
2026,MN,22160,24360,2200,2225,1509
2026,MN,22160,24360,2225,2250,1529
2026,MN,22160,24360,2250,2275,1549
2026,MN,22160,24360,2275,2300,1569
2026,MN,22160,24360,2300,2325,1589
2026,MN,22160,24360,2325,2350,1609
2026,MN,22160,24360,2350,2375,1629
2026,MN,22160,24360,2375,2400,1649
2026,MN,22160,24360,2400,2425,1669
2026,MN,22160,24360,2425,2450,1689
2026,MN,22160,24360,2450,2475,1709
2026,MN,22160,24360,2475,2500,1729
2026,MN,24360,26600,375,400,4
2026,MN,24360,26600,400,425,24
2026,MN,24360,26600,425,450,44
2026,MN,24360,26600,450,475,64
2026,MN,24360,26600,475,500,84
2026,MN,24360,26600,500,525,104
2026,MN,24360,26600,525,550,124
2026,MN,24360,26600,550,575,144
2026,MN,24360,26600,575,600,164
2026,MN,24360,26600,600,625,184
2026,MN,24360,26600,625,650,204
2026,MN,24360,26600,650,675,224
2026,MN,24360,26600,675,700,244
2026,MN,24360,26600,700,725,264
2026,MN,24360,26600,725,750,284
2026,MN,24360,26600,750,775,304
2026,MN,24360,26600,775,800,324
2026,MN,24360,26600,800,825,344
2026,MN,24360,26600,825,850,364
2026,MN,24360,26600,850,875,384
2026,MN,24360,26600,875,900,404
2026,MN,24360,26600,900,925,424
2026,MN,24360,26600,925,950,444
2026,MN,24360,26600,950,975,464
2026,MN,24360,26600,975,1000,484
2026,MN,24360,26600,1000,1025,504
2026,MN,24360,26600,1025,1050,524
2026,MN,24360,26600,1050,1075,544
2026,MN,24360,26600,1075,1100,564
2026,MN,24360,26600,1100,1125,584
2026,MN,24360,26600,1125,1150,604
2026,MN,24360,26600,1150,1175,624
2026,MN,24360,26600,1175,1200,644
2026,MN,24360,26600,1200,1225,664
2026,MN,24360,26600,1225,1250,684
2026,MN,24360,26600,1250,1275,704
2026,MN,24360,26600,1275,1300,724
2026,MN,24360,26600,1300,1325,744
2026,MN,24360,26600,1325,1350,764
2026,MN,24360,26600,1350,1375,784
2026,MN,24360,26600,1375,1400,804
2026,MN,24360,26600,1400,1425,824
2026,MN,24360,26600,1425,1450,844
2026,MN,24360,26600,1450,1475,864
2026,MN,24360,26600,1475,1500,884
2026,MN,24360,26600,1500,1525,904
2026,MN,24360,26600,1525,1550,924
2026,MN,24360,26600,1550,1575,944
2026,MN,24360,26600,1575,1600,964
2026,MN,24360,26600,1600,1625,984
2026,MN,24360,26600,1625,1650,1004
2026,MN,24360,26600,1650,1675,1024
2026,MN,24360,26600,1675,1700,1044
2026,MN,24360,26600,1700,1725,1064
2026,MN,24360,26600,1725,1750,1084
2026,MN,24360,26600,1750,1775,1104
2026,MN,24360,26600,1775,1800,1124
2026,MN,24360,26600,1800,1825,1144
2026,MN,24360,26600,1825,1850,1164
2026,MN,24360,26600,1850,1875,1184
2026,MN,24360,26600,1875,1900,1204
2026,MN,24360,26600,1900,1925,1224
2026,MN,24360,26600,1925,1950,1244
2026,MN,24360,26600,1950,1975,1264
2026,MN,24360,26600,1975,2000,1284
2026,MN,24360,26600,2000,2025,1304
2026,MN,24360,26600,2025,2050,1324
2026,MN,24360,26600,2050,2075,1344
2026,MN,24360,26600,2075,2100,1364
2026,MN,24360,26600,2100,2125,1384
2026,MN,24360,26600,2125,2150,1404
2026,MN,24360,26600,2150,2175,1424
2026,MN,24360,26600,2175,2200,1444
2026,MN,24360,26600,2200,2225,1464
2026,MN,24360,26600,2225,2250,1484
2026,MN,24360,26600,2250,2275,1504
2026,MN,24360,26600,2275,2300,1524
2026,MN,24360,26600,2300,2325,1544
2026,MN,24360,26600,2325,2350,1564
2026,MN,24360,26600,2350,2375,1584
2026,MN,24360,26600,2375,2400,1604
2026,MN,24360,26600,2400,2425,1624
2026,MN,24360,26600,2425,2450,1644
2026,MN,24360,26600,2450,2475,1664
2026,MN,24360,26600,2475,2500,1684
2026,MN,26600,28820,375,400,0
2026,MN,26600,28820,400,425,0
2026,MN,26600,28820,425,450,17
2026,MN,26600,28820,450,475,37
2026,MN,26600,28820,475,500,57
2026,MN,26600,28820,500,525,77
2026,MN,26600,28820,525,550,97
2026,MN,26600,28820,550,575,117
2026,MN,26600,28820,575,600,137
2026,MN,26600,28820,600,625,157
2026,MN,26600,28820,625,650,177
2026,MN,26600,28820,650,675,197
2026,MN,26600,28820,675,700,217
2026,MN,26600,28820,700,725,237
2026,MN,26600,28820,725,750,257
2026,MN,26600,28820,750,775,277
2026,MN,26600,28820,775,800,297
2026,MN,26600,28820,800,825,317
2026,MN,26600,28820,825,850,337
2026,MN,26600,28820,850,875,357
2026,MN,26600,28820,875,900,377
2026,MN,26600,28820,900,925,397
2026,MN,26600,28820,925,950,417
2026,MN,26600,28820,950,975,437
2026,MN,26600,28820,975,1000,457
2026,MN,26600,28820,1000,1025,477
2026,MN,26600,28820,1025,1050,497
2026,MN,26600,28820,1050,1075,517
2026,MN,26600,28820,1075,1100,537
2026,MN,26600,28820,1100,1125,557
2026,MN,26600,28820,1125,1150,577
2026,MN,26600,28820,1150,1175,597
2026,MN,26600,28820,1175,1200,617
2026,MN,26600,28820,1200,1225,637
2026,MN,26600,28820,1225,1250,657
2026,MN,26600,28820,1250,1275,677
2026,MN,26600,28820,1275,1300,697
2026,MN,26600,28820,1300,1325,717
2026,MN,26600,28820,1325,1350,737
2026,MN,26600,28820,1350,1375,757
2026,MN,26600,28820,1375,1400,777
2026,MN,26600,28820,1400,1425,797
2026,MN,26600,28820,1425,1450,817
2026,MN,26600,28820,1450,1475,837
2026,MN,26600,28820,1475,1500,857
2026,MN,26600,28820,1500,1525,877
2026,MN,26600,28820,1525,1550,897
2026,MN,26600,28820,1550,1575,917
2026,MN,26600,28820,1575,1600,937
2026,MN,26600,28820,1600,1625,957
2026,MN,26600,28820,1625,1650,977
2026,MN,26600,28820,1650,1675,997
2026,MN,26600,28820,1675,1700,1017
2026,MN,26600,28820,1700,1725,1037
2026,MN,26600,28820,1725,1750,1057
2026,MN,26600,28820,1750,1775,1077
2026,MN,26600,28820,1775,1800,1097
2026,MN,26600,28820,1800,1825,1117
2026,MN,26600,28820,1825,1850,1137
2026,MN,26600,28820,1850,1875,1157
2026,MN,26600,28820,1875,1900,1177
2026,MN,26600,28820,1900,1925,1197
2026,MN,26600,28820,1925,1950,1217
2026,MN,26600,28820,1950,1975,1237
2026,MN,26600,28820,1975,2000,1257
2026,MN,26600,28820,2000,2025,1277
2026,MN,26600,28820,2025,2050,1297
2026,MN,26600,28820,2050,2075,1317
2026,MN,26600,28820,2075,2100,1337
2026,MN,26600,28820,2100,2125,1357
2026,MN,26600,28820,2125,2150,1377
2026,MN,26600,28820,2150,2175,1397
2026,MN,26600,28820,2175,2200,1417
2026,MN,26600,28820,2200,2225,1437
2026,MN,26600,28820,2225,2250,1457
2026,MN,26600,28820,2250,2275,1477
2026,MN,26600,28820,2275,2300,1497
2026,MN,26600,28820,2300,2325,1517
2026,MN,26600,28820,2325,2350,1537
2026,MN,26600,28820,2350,2375,1557
2026,MN,26600,28820,2375,2400,1577
2026,MN,26600,28820,2400,2425,1597
2026,MN,26600,28820,2425,2450,1617
2026,MN,26600,28820,2450,2475,1637
2026,MN,26600,28820,2475,2500,1657
2026,MN,28820,31030,375,400,0
2026,MN,28820,31030,400,425,0
2026,MN,28820,31030,425,450,0
2026,MN,28820,31030,450,475,0
2026,MN,28820,31030,475,500,7
2026,MN,28820,31030,500,525,27
2026,MN,28820,31030,525,550,47
2026,MN,28820,31030,550,575,67
2026,MN,28820,31030,575,600,87
2026,MN,28820,31030,600,625,107
2026,MN,28820,31030,625,650,127
2026,MN,28820,31030,650,675,147
2026,MN,28820,31030,675,700,167
2026,MN,28820,31030,700,725,187
2026,MN,28820,31030,725,750,207
2026,MN,28820,31030,750,775,227
2026,MN,28820,31030,775,800,247
2026,MN,28820,31030,800,825,267
2026,MN,28820,31030,825,850,287
2026,MN,28820,31030,850,875,307
2026,MN,28820,31030,875,900,327
2026,MN,28820,31030,900,925,347
2026,MN,28820,31030,925,950,367
2026,MN,28820,31030,950,975,387
2026,MN,28820,31030,975,1000,407
2026,MN,28820,31030,1000,1025,427
2026,MN,28820,31030,1025,1050,447
2026,MN,28820,31030,1050,1075,467
2026,MN,28820,31030,1075,1100,487
2026,MN,28820,31030,1100,1125,507
2026,MN,28820,31030,1125,1150,527
2026,MN,28820,31030,1150,1175,547
2026,MN,28820,31030,1175,1200,567
2026,MN,28820,31030,1200,1225,587
2026,MN,28820,31030,1225,1250,607
2026,MN,28820,31030,1250,1275,627
2026,MN,28820,31030,1275,1300,647
2026,MN,28820,31030,1300,1325,667
2026,MN,28820,31030,1325,1350,687
2026,MN,28820,31030,1350,1375,707
2026,MN,28820,31030,1375,1400,727
2026,MN,28820,31030,1400,1425,747
2026,MN,28820,31030,1425,1450,767
2026,MN,28820,31030,1450,1475,787
2026,MN,28820,31030,1475,1500,807
2026,MN,28820,31030,1500,1525,827
2026,MN,28820,31030,1525,1550,847
2026,MN,28820,31030,1550,1575,867
2026,MN,28820,31030,1575,1600,887
2026,MN,28820,31030,1600,1625,907
2026,MN,28820,31030,1625,1650,927
2026,MN,28820,31030,1650,1675,947
2026,MN,28820,31030,1675,1700,967
2026,MN,28820,31030,1700,1725,987
2026,MN,28820,31030,1725,1750,1007
2026,MN,28820,31030,1750,1775,1027
2026,MN,28820,31030,1775,1800,1047
2026,MN,28820,31030,1800,1825,1067
2026,MN,28820,31030,1825,1850,1087
2026,MN,28820,31030,1850,1875,1107
2026,MN,28820,31030,1875,1900,1127
2026,MN,28820,31030,1900,1925,1147
2026,MN,28820,31030,1925,1950,1167
2026,MN,28820,31030,1950,1975,1187
2026,MN,28820,31030,1975,2000,1207
2026,MN,28820,31030,2000,2025,1227
2026,MN,28820,31030,2025,2050,1247
2026,MN,28820,31030,2050,2075,1267
2026,MN,28820,31030,2075,2100,1287
2026,MN,28820,31030,2100,2125,1307
2026,MN,28820,31030,2125,2150,1327
2026,MN,28820,31030,2150,2175,1347
2026,MN,28820,31030,2175,2200,1367
2026,MN,28820,31030,2200,2225,1387
2026,MN,28820,31030,2225,2250,1407
2026,MN,28820,31030,2250,2275,1427
2026,MN,28820,31030,2275,2300,1447
2026,MN,28820,31030,2300,2325,1467
2026,MN,28820,31030,2325,2350,1487
2026,MN,28820,31030,2350,2375,1507
2026,MN,28820,31030,2375,2400,1527
2026,MN,28820,31030,2400,2425,1547
2026,MN,28820,31030,2425,2450,1567
2026,MN,28820,31030,2450,2475,1587
2026,MN,28820,31030,2475,2500,1607
2026,MN,31030,33240,375,400,0
2026,MN,31030,33240,400,425,0
2026,MN,31030,33240,425,450,0
2026,MN,31030,33240,450,475,0
2026,MN,31030,33240,475,500,0
2026,MN,31030,33240,500,525,0
2026,MN,31030,33240,525,550,0
2026,MN,31030,33240,550,575,12
2026,MN,31030,33240,575,600,31
2026,MN,31030,33240,600,625,50
2026,MN,31030,33240,625,650,68
2026,MN,31030,33240,650,675,87
2026,MN,31030,33240,675,700,106
2026,MN,31030,33240,700,725,125
2026,MN,31030,33240,725,750,143
2026,MN,31030,33240,750,775,162
2026,MN,31030,33240,775,800,181
2026,MN,31030,33240,800,825,200
2026,MN,31030,33240,825,850,218
2026,MN,31030,33240,850,875,237
2026,MN,31030,33240,875,900,256
2026,MN,31030,33240,900,925,275
2026,MN,31030,33240,925,950,293
2026,MN,31030,33240,950,975,312
2026,MN,31030,33240,975,1000,331
2026,MN,31030,33240,1000,1025,350
2026,MN,31030,33240,1025,1050,368
2026,MN,31030,33240,1050,1075,387
2026,MN,31030,33240,1075,1100,406
2026,MN,31030,33240,1100,1125,425
2026,MN,31030,33240,1125,1150,443
2026,MN,31030,33240,1150,1175,462
2026,MN,31030,33240,1175,1200,481
2026,MN,31030,33240,1200,1225,500
2026,MN,31030,33240,1225,1250,518
2026,MN,31030,33240,1250,1275,537
2026,MN,31030,33240,1275,1300,556
2026,MN,31030,33240,1300,1325,575
2026,MN,31030,33240,1325,1350,593
2026,MN,31030,33240,1350,1375,612
2026,MN,31030,33240,1375,1400,631
2026,MN,31030,33240,1400,1425,650
2026,MN,31030,33240,1425,1450,668
2026,MN,31030,33240,1450,1475,687
2026,MN,31030,33240,1475,1500,706
2026,MN,31030,33240,1500,1525,725
2026,MN,31030,33240,1525,1550,743
2026,MN,31030,33240,1550,1575,762
2026,MN,31030,33240,1575,1600,781
2026,MN,31030,33240,1600,1625,800
2026,MN,31030,33240,1625,1650,818
2026,MN,31030,33240,1650,1675,837
2026,MN,31030,33240,1675,1700,856
2026,MN,31030,33240,1700,1725,875
2026,MN,31030,33240,1725,1750,893
2026,MN,31030,33240,1750,1775,912
2026,MN,31030,33240,1775,1800,931
2026,MN,31030,33240,1800,1825,950
2026,MN,31030,33240,1825,1850,968
2026,MN,31030,33240,1850,1875,987
2026,MN,31030,33240,1875,1900,1006
2026,MN,31030,33240,1900,1925,1025
2026,MN,31030,33240,1925,1950,1043
2026,MN,31030,33240,1950,1975,1062
2026,MN,31030,33240,1975,2000,1081
2026,MN,31030,33240,2000,2025,1100
2026,MN,31030,33240,2025,2050,1118
2026,MN,31030,33240,2050,2075,1137
2026,MN,31030,33240,2075,2100,1156
2026,MN,31030,33240,2100,2125,1175
2026,MN,31030,33240,2125,2150,1193
2026,MN,31030,33240,2150,2175,1212
2026,MN,31030,33240,2175,2200,1231
2026,MN,31030,33240,2200,2225,1250
2026,MN,31030,33240,2225,2250,1268
2026,MN,31030,33240,2250,2275,1287
2026,MN,31030,33240,2275,2300,1306
2026,MN,31030,33240,2300,2325,1325
2026,MN,31030,33240,2325,2350,1343
2026,MN,31030,33240,2350,2375,1362
2026,MN,31030,33240,2375,2400,1381
2026,MN,31030,33240,2400,2425,1400
2026,MN,31030,33240,2425,2450,1418
2026,MN,31030,33240,2450,2475,1437
2026,MN,31030,33240,2475,2500,1456
2026,MN,33240,35450,375,400,0
2026,MN,33240,35450,400,425,0
2026,MN,33240,35450,425,450,0
2026,MN,33240,35450,450,475,0
2026,MN,33240,35450,475,500,0
2026,MN,33240,35450,500,525,0
2026,MN,33240,35450,525,550,0
2026,MN,33240,35450,550,575,0
2026,MN,33240,35450,575,600,0
2026,MN,33240,35450,600,625,0
2026,MN,33240,35450,625,650,14
2026,MN,33240,35450,650,675,33
2026,MN,33240,35450,675,700,52
2026,MN,33240,35450,700,725,71
2026,MN,33240,35450,725,750,89
2026,MN,33240,35450,750,775,108
2026,MN,33240,35450,775,800,127
2026,MN,33240,35450,800,825,146
2026,MN,33240,35450,825,850,164
2026,MN,33240,35450,850,875,183
2026,MN,33240,35450,875,900,202
2026,MN,33240,35450,900,925,221
2026,MN,33240,35450,925,950,239
2026,MN,33240,35450,950,975,258
2026,MN,33240,35450,975,1000,277
2026,MN,33240,35450,1000,1025,296
2026,MN,33240,35450,1025,1050,314
2026,MN,33240,35450,1050,1075,333
2026,MN,33240,35450,1075,1100,352
2026,MN,33240,35450,1100,1125,371
2026,MN,33240,35450,1125,1150,389
2026,MN,33240,35450,1150,1175,408
2026,MN,33240,35450,1175,1200,427
2026,MN,33240,35450,1200,1225,446
2026,MN,33240,35450,1225,1250,464
2026,MN,33240,35450,1250,1275,483
2026,MN,33240,35450,1275,1300,502
2026,MN,33240,35450,1300,1325,521
2026,MN,33240,35450,1325,1350,539
2026,MN,33240,35450,1350,1375,558
2026,MN,33240,35450,1375,1400,577
2026,MN,33240,35450,1400,1425,596
2026,MN,33240,35450,1425,1450,614
2026,MN,33240,35450,1450,1475,633
2026,MN,33240,35450,1475,1500,652
2026,MN,33240,35450,1500,1525,671
2026,MN,33240,35450,1525,1550,689
2026,MN,33240,35450,1550,1575,708
2026,MN,33240,35450,1575,1600,727
2026,MN,33240,35450,1600,1625,746
2026,MN,33240,35450,1625,1650,764
2026,MN,33240,35450,1650,1675,783
2026,MN,33240,35450,1675,1700,802
2026,MN,33240,35450,1700,1725,821
2026,MN,33240,35450,1725,1750,839
2026,MN,33240,35450,1750,1775,858
2026,MN,33240,35450,1775,1800,877
2026,MN,33240,35450,1800,1825,896
2026,MN,33240,35450,1825,1850,914
2026,MN,33240,35450,1850,1875,933
2026,MN,33240,35450,1875,1900,952
2026,MN,33240,35450,1900,1925,971
2026,MN,33240,35450,1925,1950,989
2026,MN,33240,35450,1950,1975,1008
2026,MN,33240,35450,1975,2000,1027
2026,MN,33240,35450,2000,2025,1046
2026,MN,33240,35450,2025,2050,1064
2026,MN,33240,35450,2050,2075,1083
2026,MN,33240,35450,2075,2100,1102
2026,MN,33240,35450,2100,2125,1121
2026,MN,33240,35450,2125,2150,1139
2026,MN,33240,35450,2150,2175,1158
2026,MN,33240,35450,2175,2200,1177
2026,MN,33240,35450,2200,2225,1196
2026,MN,33240,35450,2225,2250,1214
2026,MN,33240,35450,2250,2275,1233
2026,MN,33240,35450,2275,2300,1252
2026,MN,33240,35450,2300,2325,1271
2026,MN,33240,35450,2325,2350,1289
2026,MN,33240,35450,2350,2375,1308
2026,MN,33240,35450,2375,2400,1327
2026,MN,33240,35450,2400,2425,1346
2026,MN,33240,35450,2425,2450,1364
2026,MN,33240,35450,2450,2475,1383
2026,MN,33240,35450,2475,2500,1402
2026,MN,35450,37690,375,400,0
2026,MN,35450,37690,400,425,0
2026,MN,35450,37690,425,450,0
2026,MN,35450,37690,450,475,0
2026,MN,35450,37690,475,500,0
2026,MN,35450,37690,500,525,0
2026,MN,35450,37690,525,550,0
2026,MN,35450,37690,550,575,0
2026,MN,35450,37690,575,600,0
2026,MN,35450,37690,600,625,0
2026,MN,35450,37690,625,650,0
2026,MN,35450,37690,650,675,3
2026,MN,35450,37690,675,700,22
2026,MN,35450,37690,700,725,41
2026,MN,35450,37690,725,750,59
2026,MN,35450,37690,750,775,78
2026,MN,35450,37690,775,800,97
2026,MN,35450,37690,800,825,116
2026,MN,35450,37690,825,850,134
2026,MN,35450,37690,850,875,153
2026,MN,35450,37690,875,900,172
2026,MN,35450,37690,900,925,191
2026,MN,35450,37690,925,950,209
2026,MN,35450,37690,950,975,228
2026,MN,35450,37690,975,1000,247
2026,MN,35450,37690,1000,1025,266
2026,MN,35450,37690,1025,1050,284
2026,MN,35450,37690,1050,1075,303
2026,MN,35450,37690,1075,1100,322
2026,MN,35450,37690,1100,1125,341
2026,MN,35450,37690,1125,1150,359
2026,MN,35450,37690,1150,1175,378
2026,MN,35450,37690,1175,1200,397
2026,MN,35450,37690,1200,1225,416
2026,MN,35450,37690,1225,1250,434
2026,MN,35450,37690,1250,1275,453
2026,MN,35450,37690,1275,1300,472
2026,MN,35450,37690,1300,1325,491
2026,MN,35450,37690,1325,1350,509
2026,MN,35450,37690,1350,1375,528
2026,MN,35450,37690,1375,1400,547
2026,MN,35450,37690,1400,1425,566
2026,MN,35450,37690,1425,1450,584
2026,MN,35450,37690,1450,1475,603
2026,MN,35450,37690,1475,1500,622
2026,MN,35450,37690,1500,1525,641
2026,MN,35450,37690,1525,1550,659
2026,MN,35450,37690,1550,1575,678
2026,MN,35450,37690,1575,1600,697
2026,MN,35450,37690,1600,1625,716
2026,MN,35450,37690,1625,1650,734
2026,MN,35450,37690,1650,1675,753
2026,MN,35450,37690,1675,1700,772
2026,MN,35450,37690,1700,1725,791
2026,MN,35450,37690,1725,1750,809
2026,MN,35450,37690,1750,1775,828
2026,MN,35450,37690,1775,1800,847
2026,MN,35450,37690,1800,1825,866
2026,MN,35450,37690,1825,1850,884
2026,MN,35450,37690,1850,1875,903
2026,MN,35450,37690,1875,1900,922
2026,MN,35450,37690,1900,1925,941
2026,MN,35450,37690,1925,1950,959
2026,MN,35450,37690,1950,1975,978
2026,MN,35450,37690,1975,2000,997
2026,MN,35450,37690,2000,2025,1016
2026,MN,35450,37690,2025,2050,1034
2026,MN,35450,37690,2050,2075,1053
2026,MN,35450,37690,2075,2100,1072
2026,MN,35450,37690,2100,2125,1091
2026,MN,35450,37690,2125,2150,1109
2026,MN,35450,37690,2150,2175,1128
2026,MN,35450,37690,2175,2200,1147
2026,MN,35450,37690,2200,2225,1166
2026,MN,35450,37690,2225,2250,1184
2026,MN,35450,37690,2250,2275,1203
2026,MN,35450,37690,2275,2300,1222
2026,MN,35450,37690,2300,2325,1241
2026,MN,35450,37690,2325,2350,1259
2026,MN,35450,37690,2350,2375,1278
2026,MN,35450,37690,2375,2400,1297
2026,MN,35450,37690,2400,2425,1316
2026,MN,35450,37690,2425,2450,1334
2026,MN,35450,37690,2450,2475,1353
2026,MN,35450,37690,2475,2500,1372
2026,MN,37690,39890,725,750,0
2026,MN,37690,39890,750,775,18
2026,MN,37690,39890,775,800,35
2026,MN,37690,39890,800,825,53
2026,MN,37690,39890,825,850,70
2026,MN,37690,39890,850,875,88
2026,MN,37690,39890,875,900,105
2026,MN,37690,39890,900,925,123
2026,MN,37690,39890,925,950,140
2026,MN,37690,39890,950,975,158
2026,MN,37690,39890,975,1000,175
2026,MN,37690,39890,1000,1025,193
2026,MN,37690,39890,1025,1050,210
2026,MN,37690,39890,1050,1075,228
2026,MN,37690,39890,1075,1100,245
2026,MN,37690,39890,1100,1125,263
2026,MN,37690,39890,1125,1150,280
2026,MN,37690,39890,1150,1175,298
2026,MN,37690,39890,1175,1200,315
2026,MN,37690,39890,1200,1225,333
2026,MN,37690,39890,1225,1250,350
2026,MN,37690,39890,1250,1275,368
2026,MN,37690,39890,1275,1300,385
2026,MN,37690,39890,1300,1325,403
2026,MN,37690,39890,1325,1350,420
2026,MN,37690,39890,1350,1375,438
2026,MN,37690,39890,1375,1400,455
2026,MN,37690,39890,1400,1425,473
2026,MN,37690,39890,1425,1450,490
2026,MN,37690,39890,1450,1475,508
2026,MN,37690,39890,1475,1500,525
2026,MN,37690,39890,1500,1525,543
2026,MN,37690,39890,1525,1550,560
2026,MN,37690,39890,1550,1575,578
2026,MN,37690,39890,1575,1600,595
2026,MN,37690,39890,1600,1625,613
2026,MN,37690,39890,1625,1650,630
2026,MN,37690,39890,1650,1675,648
2026,MN,37690,39890,1675,1700,665
2026,MN,37690,39890,1700,1725,683
2026,MN,37690,39890,1725,1750,700
2026,MN,37690,39890,1750,1775,718
2026,MN,37690,39890,1775,1800,735
2026,MN,37690,39890,1800,1825,753
2026,MN,37690,39890,1825,1850,770
2026,MN,37690,39890,1850,1875,788
2026,MN,37690,39890,1875,1900,805
2026,MN,37690,39890,1900,1925,823
2026,MN,37690,39890,1925,1950,840
2026,MN,37690,39890,1950,1975,858
2026,MN,37690,39890,1975,2000,875
2026,MN,37690,39890,2000,2025,893
2026,MN,37690,39890,2025,2050,910
2026,MN,37690,39890,2050,2075,928
2026,MN,37690,39890,2075,2100,945
2026,MN,37690,39890,2100,2125,963
2026,MN,37690,39890,2125,2150,980
2026,MN,37690,39890,2150,2175,998
2026,MN,37690,39890,2175,2200,1015
2026,MN,37690,39890,2200,2225,1033
2026,MN,37690,39890,2225,2250,1050
2026,MN,37690,39890,2250,2275,1068
2026,MN,37690,39890,2275,2300,1085
2026,MN,37690,39890,2300,2325,1103
2026,MN,37690,39890,2325,2350,1120
2026,MN,37690,39890,2350,2375,1138
2026,MN,37690,39890,2375,2400,1155
2026,MN,37690,39890,2400,2425,1173
2026,MN,37690,39890,2425,2450,1190
2026,MN,37690,39890,2450,2475,1208
2026,MN,37690,39890,2475,2500,1225
2026,MN,39890,42110,725,750,0
2026,MN,39890,42110,750,775,0
2026,MN,39890,42110,775,800,0
2026,MN,39890,42110,800,825,0
2026,MN,39890,42110,825,850,12
2026,MN,39890,42110,850,875,30
2026,MN,39890,42110,875,900,47
2026,MN,39890,42110,900,925,65
2026,MN,39890,42110,925,950,82
2026,MN,39890,42110,950,975,100
2026,MN,39890,42110,975,1000,117
2026,MN,39890,42110,1000,1025,135
2026,MN,39890,42110,1025,1050,152
2026,MN,39890,42110,1050,1075,170
2026,MN,39890,42110,1075,1100,187
2026,MN,39890,42110,1100,1125,205
2026,MN,39890,42110,1125,1150,222
2026,MN,39890,42110,1150,1175,240
2026,MN,39890,42110,1175,1200,257
2026,MN,39890,42110,1200,1225,275
2026,MN,39890,42110,1225,1250,292
2026,MN,39890,42110,1250,1275,310
2026,MN,39890,42110,1275,1300,327
2026,MN,39890,42110,1300,1325,345
2026,MN,39890,42110,1325,1350,362
2026,MN,39890,42110,1350,1375,380
2026,MN,39890,42110,1375,1400,397
2026,MN,39890,42110,1400,1425,415
2026,MN,39890,42110,1425,1450,432
2026,MN,39890,42110,1450,1475,450
2026,MN,39890,42110,1475,1500,467
2026,MN,39890,42110,1500,1525,485
2026,MN,39890,42110,1525,1550,502
2026,MN,39890,42110,1550,1575,520
2026,MN,39890,42110,1575,1600,537
2026,MN,39890,42110,1600,1625,555
2026,MN,39890,42110,1625,1650,572
2026,MN,39890,42110,1650,1675,590
2026,MN,39890,42110,1675,1700,607
2026,MN,39890,42110,1700,1725,625
2026,MN,39890,42110,1725,1750,642
2026,MN,39890,42110,1750,1775,660
2026,MN,39890,42110,1775,1800,677
2026,MN,39890,42110,1800,1825,695
2026,MN,39890,42110,1825,1850,712
2026,MN,39890,42110,1850,1875,730
2026,MN,39890,42110,1875,1900,747
2026,MN,39890,42110,1900,1925,765
2026,MN,39890,42110,1925,1950,782
2026,MN,39890,42110,1950,1975,800
2026,MN,39890,42110,1975,2000,817
2026,MN,39890,42110,2000,2025,835
2026,MN,39890,42110,2025,2050,852
2026,MN,39890,42110,2050,2075,870
2026,MN,39890,42110,2075,2100,887
2026,MN,39890,42110,2100,2125,905
2026,MN,39890,42110,2125,2150,922
2026,MN,39890,42110,2150,2175,940
2026,MN,39890,42110,2175,2200,957
2026,MN,39890,42110,2200,2225,975
2026,MN,39890,42110,2225,2250,992
2026,MN,39890,42110,2250,2275,1010
2026,MN,39890,42110,2275,2300,1027
2026,MN,39890,42110,2300,2325,1045
2026,MN,39890,42110,2325,2350,1062
2026,MN,39890,42110,2350,2375,1080
2026,MN,39890,42110,2375,2400,1097
2026,MN,39890,42110,2400,2425,1115
2026,MN,39890,42110,2425,2450,1132
2026,MN,39890,42110,2450,2475,1150
2026,MN,39890,42110,2475,2500,1167
2026,MN,42110,44320,725,750,0
2026,MN,42110,44320,750,775,0
2026,MN,42110,44320,775,800,0
2026,MN,42110,44320,800,825,0
2026,MN,42110,44320,825,850,0
2026,MN,42110,44320,850,875,0
2026,MN,42110,44320,875,900,16
2026,MN,42110,44320,900,925,34
2026,MN,42110,44320,925,950,51
2026,MN,42110,44320,950,975,69
2026,MN,42110,44320,975,1000,86
2026,MN,42110,44320,1000,1025,104
2026,MN,42110,44320,1025,1050,121
2026,MN,42110,44320,1050,1075,139
2026,MN,42110,44320,1075,1100,156
2026,MN,42110,44320,1100,1125,174
2026,MN,42110,44320,1125,1150,191
2026,MN,42110,44320,1150,1175,209
2026,MN,42110,44320,1175,1200,226
2026,MN,42110,44320,1200,1225,244
2026,MN,42110,44320,1225,1250,261
2026,MN,42110,44320,1250,1275,279
2026,MN,42110,44320,1275,1300,296
2026,MN,42110,44320,1300,1325,314
2026,MN,42110,44320,1325,1350,331
2026,MN,42110,44320,1350,1375,349
2026,MN,42110,44320,1375,1400,366
2026,MN,42110,44320,1400,1425,384
2026,MN,42110,44320,1425,1450,401
2026,MN,42110,44320,1450,1475,419
2026,MN,42110,44320,1475,1500,436
2026,MN,42110,44320,1500,1525,454
2026,MN,42110,44320,1525,1550,471
2026,MN,42110,44320,1550,1575,489
2026,MN,42110,44320,1575,1600,506
2026,MN,42110,44320,1600,1625,524
2026,MN,42110,44320,1625,1650,541
2026,MN,42110,44320,1650,1675,559
2026,MN,42110,44320,1675,1700,576
2026,MN,42110,44320,1700,1725,594
2026,MN,42110,44320,1725,1750,611
2026,MN,42110,44320,1750,1775,629
2026,MN,42110,44320,1775,1800,646
2026,MN,42110,44320,1800,1825,664
2026,MN,42110,44320,1825,1850,681
2026,MN,42110,44320,1850,1875,699
2026,MN,42110,44320,1875,1900,716
2026,MN,42110,44320,1900,1925,734
2026,MN,42110,44320,1925,1950,751
2026,MN,42110,44320,1950,1975,769
2026,MN,42110,44320,1975,2000,786
2026,MN,42110,44320,2000,2025,804
2026,MN,42110,44320,2025,2050,821
2026,MN,42110,44320,2050,2075,839
2026,MN,42110,44320,2075,2100,856
2026,MN,42110,44320,2100,2125,874
2026,MN,42110,44320,2125,2150,891
2026,MN,42110,44320,2150,2175,909
2026,MN,42110,44320,2175,2200,926
2026,MN,42110,44320,2200,2225,944
2026,MN,42110,44320,2225,2250,961
2026,MN,42110,44320,2250,2275,979
2026,MN,42110,44320,2275,2300,996
2026,MN,42110,44320,2300,2325,1014
2026,MN,42110,44320,2325,2350,1031
2026,MN,42110,44320,2350,2375,1049
2026,MN,42110,44320,2375,2400,1066
2026,MN,42110,44320,2400,2425,1084
2026,MN,42110,44320,2425,2450,1101
2026,MN,42110,44320,2450,2475,1119
2026,MN,42110,44320,2475,2500,1136
2026,MN,44320,46540,725,750,0
2026,MN,44320,46540,750,775,0
2026,MN,44320,46540,775,800,0
2026,MN,44320,46540,800,825,0
2026,MN,44320,46540,825,850,0
2026,MN,44320,46540,850,875,0
2026,MN,44320,46540,875,900,0
2026,MN,44320,46540,900,925,3
2026,MN,44320,46540,925,950,20
2026,MN,44320,46540,950,975,38
2026,MN,44320,46540,975,1000,55
2026,MN,44320,46540,1000,1025,73
2026,MN,44320,46540,1025,1050,90
2026,MN,44320,46540,1050,1075,108
2026,MN,44320,46540,1075,1100,125
2026,MN,44320,46540,1100,1125,143
2026,MN,44320,46540,1125,1150,160
2026,MN,44320,46540,1150,1175,178
2026,MN,44320,46540,1175,1200,195
2026,MN,44320,46540,1200,1225,213
2026,MN,44320,46540,1225,1250,230
2026,MN,44320,46540,1250,1275,248
2026,MN,44320,46540,1275,1300,265
2026,MN,44320,46540,1300,1325,283
2026,MN,44320,46540,1325,1350,300
2026,MN,44320,46540,1350,1375,318
2026,MN,44320,46540,1375,1400,335
2026,MN,44320,46540,1400,1425,353
2026,MN,44320,46540,1425,1450,370
2026,MN,44320,46540,1450,1475,388
2026,MN,44320,46540,1475,1500,405
2026,MN,44320,46540,1500,1525,423
2026,MN,44320,46540,1525,1550,440
2026,MN,44320,46540,1550,1575,458
2026,MN,44320,46540,1575,1600,475
2026,MN,44320,46540,1600,1625,493
2026,MN,44320,46540,1625,1650,510
2026,MN,44320,46540,1650,1675,528
2026,MN,44320,46540,1675,1700,545
2026,MN,44320,46540,1700,1725,563
2026,MN,44320,46540,1725,1750,580
2026,MN,44320,46540,1750,1775,598
2026,MN,44320,46540,1775,1800,615
2026,MN,44320,46540,1800,1825,633
2026,MN,44320,46540,1825,1850,650
2026,MN,44320,46540,1850,1875,668
2026,MN,44320,46540,1875,1900,685
2026,MN,44320,46540,1900,1925,703
2026,MN,44320,46540,1925,1950,720
2026,MN,44320,46540,1950,1975,738
2026,MN,44320,46540,1975,2000,755
2026,MN,44320,46540,2000,2025,773
2026,MN,44320,46540,2025,2050,790
2026,MN,44320,46540,2050,2075,808
2026,MN,44320,46540,2075,2100,825
2026,MN,44320,46540,2100,2125,843
2026,MN,44320,46540,2125,2150,860
2026,MN,44320,46540,2150,2175,878
2026,MN,44320,46540,2175,2200,895
2026,MN,44320,46540,2200,2225,913
2026,MN,44320,46540,2225,2250,930
2026,MN,44320,46540,2250,2275,948
2026,MN,44320,46540,2275,2300,965
2026,MN,44320,46540,2300,2325,983
2026,MN,44320,46540,2325,2350,1000
2026,MN,44320,46540,2350,2375,1018
2026,MN,44320,46540,2375,2400,1035
2026,MN,44320,46540,2400,2425,1053
2026,MN,44320,46540,2425,2450,1070
2026,MN,44320,46540,2450,2475,1088
2026,MN,44320,46540,2475,2500,1105
2026,MN,46540,48760,725,750,0
2026,MN,46540,48760,750,775,0
2026,MN,46540,48760,775,800,0
2026,MN,46540,48760,800,825,0
2026,MN,46540,48760,825,850,0
2026,MN,46540,48760,850,875,0
2026,MN,46540,48760,875,900,0
2026,MN,46540,48760,900,925,0
2026,MN,46540,48760,925,950,0
2026,MN,46540,48760,950,975,6
2026,MN,46540,48760,975,1000,22
2026,MN,46540,48760,1000,1025,39
2026,MN,46540,48760,1025,1050,55
2026,MN,46540,48760,1050,1075,71
2026,MN,46540,48760,1075,1100,87
2026,MN,46540,48760,1100,1125,104
2026,MN,46540,48760,1125,1150,120
2026,MN,46540,48760,1150,1175,136
2026,MN,46540,48760,1175,1200,152
2026,MN,46540,48760,1200,1225,169
2026,MN,46540,48760,1225,1250,185
2026,MN,46540,48760,1250,1275,201
2026,MN,46540,48760,1275,1300,217
2026,MN,46540,48760,1300,1325,234
2026,MN,46540,48760,1325,1350,250
2026,MN,46540,48760,1350,1375,266
2026,MN,46540,48760,1375,1400,282
2026,MN,46540,48760,1400,1425,299
2026,MN,46540,48760,1425,1450,315
2026,MN,46540,48760,1450,1475,331
2026,MN,46540,48760,1475,1500,347
2026,MN,46540,48760,1500,1525,364
2026,MN,46540,48760,1525,1550,380
2026,MN,46540,48760,1550,1575,396
2026,MN,46540,48760,1575,1600,412
2026,MN,46540,48760,1600,1625,429
2026,MN,46540,48760,1625,1650,445
2026,MN,46540,48760,1650,1675,461
2026,MN,46540,48760,1675,1700,477
2026,MN,46540,48760,1700,1725,494
2026,MN,46540,48760,1725,1750,510
2026,MN,46540,48760,1750,1775,526
2026,MN,46540,48760,1775,1800,542
2026,MN,46540,48760,1800,1825,559
2026,MN,46540,48760,1825,1850,575
2026,MN,46540,48760,1850,1875,591
2026,MN,46540,48760,1875,1900,607
2026,MN,46540,48760,1900,1925,624
2026,MN,46540,48760,1925,1950,640
2026,MN,46540,48760,1950,1975,656
2026,MN,46540,48760,1975,2000,672
2026,MN,46540,48760,2000,2025,689
2026,MN,46540,48760,2025,2050,705
2026,MN,46540,48760,2050,2075,721
2026,MN,46540,48760,2075,2100,737
2026,MN,46540,48760,2100,2125,754
2026,MN,46540,48760,2125,2150,770
2026,MN,46540,48760,2150,2175,786
2026,MN,46540,48760,2175,2200,802
2026,MN,46540,48760,2200,2225,819
2026,MN,46540,48760,2225,2250,835
2026,MN,46540,48760,2250,2275,851
2026,MN,46540,48760,2275,2300,867
2026,MN,46540,48760,2300,2325,884
2026,MN,46540,48760,2325,2350,900
2026,MN,46540,48760,2350,2375,916
2026,MN,46540,48760,2375,2400,932
2026,MN,46540,48760,2400,2425,949
2026,MN,46540,48760,2425,2450,965
2026,MN,46540,48760,2450,2475,981
2026,MN,46540,48760,2475,2500,997
2026,MN,48760,50970,725,750,0
2026,MN,48760,50970,750,775,0
2026,MN,48760,50970,775,800,0
2026,MN,48760,50970,800,825,0
2026,MN,48760,50970,825,850,0
2026,MN,48760,50970,850,875,0
2026,MN,48760,50970,875,900,0
2026,MN,48760,50970,900,925,0
2026,MN,48760,50970,925,950,0
2026,MN,48760,50970,950,975,0
2026,MN,48760,50970,975,1000,0
2026,MN,48760,50970,1000,1025,10
2026,MN,48760,50970,1025,1050,26
2026,MN,48760,50970,1050,1075,42
2026,MN,48760,50970,1075,1100,59
2026,MN,48760,50970,1100,1125,75
2026,MN,48760,50970,1125,1150,91
2026,MN,48760,50970,1150,1175,107
2026,MN,48760,50970,1175,1200,124
2026,MN,48760,50970,1200,1225,140
2026,MN,48760,50970,1225,1250,156
2026,MN,48760,50970,1250,1275,172
2026,MN,48760,50970,1275,1300,189
2026,MN,48760,50970,1300,1325,205
2026,MN,48760,50970,1325,1350,221
2026,MN,48760,50970,1350,1375,237
2026,MN,48760,50970,1375,1400,254
2026,MN,48760,50970,1400,1425,270
2026,MN,48760,50970,1425,1450,286
2026,MN,48760,50970,1450,1475,302
2026,MN,48760,50970,1475,1500,319
2026,MN,48760,50970,1500,1525,335
2026,MN,48760,50970,1525,1550,351
2026,MN,48760,50970,1550,1575,367
2026,MN,48760,50970,1575,1600,384
2026,MN,48760,50970,1600,1625,400
2026,MN,48760,50970,1625,1650,416
2026,MN,48760,50970,1650,1675,432
2026,MN,48760,50970,1675,1700,449
2026,MN,48760,50970,1700,1725,465
2026,MN,48760,50970,1725,1750,481
2026,MN,48760,50970,1750,1775,497
2026,MN,48760,50970,1775,1800,514
2026,MN,48760,50970,1800,1825,530
2026,MN,48760,50970,1825,1850,546
2026,MN,48760,50970,1850,1875,562
2026,MN,48760,50970,1875,1900,579
2026,MN,48760,50970,1900,1925,595
2026,MN,48760,50970,1925,1950,611
2026,MN,48760,50970,1950,1975,627
2026,MN,48760,50970,1975,2000,644
2026,MN,48760,50970,2000,2025,660
2026,MN,48760,50970,2025,2050,676
2026,MN,48760,50970,2050,2075,692
2026,MN,48760,50970,2075,2100,709
2026,MN,48760,50970,2100,2125,725
2026,MN,48760,50970,2125,2150,741
2026,MN,48760,50970,2150,2175,757
2026,MN,48760,50970,2175,2200,774
2026,MN,48760,50970,2200,2225,790
2026,MN,48760,50970,2225,2250,806
2026,MN,48760,50970,2250,2275,822
2026,MN,48760,50970,2275,2300,839
2026,MN,48760,50970,2300,2325,855
2026,MN,48760,50970,2325,2350,871
2026,MN,48760,50970,2350,2375,887
2026,MN,48760,50970,2375,2400,904
2026,MN,48760,50970,2400,2425,920
2026,MN,48760,50970,2425,2450,936
2026,MN,48760,50970,2450,2475,952
2026,MN,48760,50970,2475,2500,969
2026,MN,50970,53180,725,750,0
2026,MN,50970,53180,750,775,0
2026,MN,50970,53180,775,800,0
2026,MN,50970,53180,800,825,0
2026,MN,50970,53180,825,850,0
2026,MN,50970,53180,850,875,0
2026,MN,50970,53180,875,900,0
2026,MN,50970,53180,900,925,0
2026,MN,50970,53180,925,950,0
2026,MN,50970,53180,950,975,0
2026,MN,50970,53180,975,1000,0
2026,MN,50970,53180,1000,1025,0
2026,MN,50970,53180,1025,1050,0
2026,MN,50970,53180,1050,1075,14
2026,MN,50970,53180,1075,1100,30
2026,MN,50970,53180,1100,1125,46
2026,MN,50970,53180,1125,1150,62
2026,MN,50970,53180,1150,1175,79
2026,MN,50970,53180,1175,1200,95
2026,MN,50970,53180,1200,1225,111
2026,MN,50970,53180,1225,1250,127
2026,MN,50970,53180,1250,1275,144
2026,MN,50970,53180,1275,1300,160
2026,MN,50970,53180,1300,1325,176
2026,MN,50970,53180,1325,1350,192
2026,MN,50970,53180,1350,1375,209
2026,MN,50970,53180,1375,1400,225
2026,MN,50970,53180,1400,1425,241
2026,MN,50970,53180,1425,1450,257
2026,MN,50970,53180,1450,1475,274
2026,MN,50970,53180,1475,1500,290
2026,MN,50970,53180,1500,1525,306
2026,MN,50970,53180,1525,1550,322
2026,MN,50970,53180,1550,1575,339
2026,MN,50970,53180,1575,1600,355
2026,MN,50970,53180,1600,1625,371
2026,MN,50970,53180,1625,1650,387
2026,MN,50970,53180,1650,1675,404
2026,MN,50970,53180,1675,1700,420
2026,MN,50970,53180,1700,1725,436
2026,MN,50970,53180,1725,1750,452
2026,MN,50970,53180,1750,1775,469
2026,MN,50970,53180,1775,1800,485
2026,MN,50970,53180,1800,1825,501
2026,MN,50970,53180,1825,1850,517
2026,MN,50970,53180,1850,1875,534
2026,MN,50970,53180,1875,1900,550
2026,MN,50970,53180,1900,1925,566
2026,MN,50970,53180,1925,1950,582
2026,MN,50970,53180,1950,1975,599
2026,MN,50970,53180,1975,2000,615
2026,MN,50970,53180,2000,2025,631
2026,MN,50970,53180,2025,2050,647
2026,MN,50970,53180,2050,2075,664
2026,MN,50970,53180,2075,2100,680
2026,MN,50970,53180,2100,2125,696
2026,MN,50970,53180,2125,2150,712
2026,MN,50970,53180,2150,2175,729
2026,MN,50970,53180,2175,2200,745
2026,MN,50970,53180,2200,2225,761
2026,MN,50970,53180,2225,2250,777
2026,MN,50970,53180,2250,2275,794
2026,MN,50970,53180,2275,2300,810
2026,MN,50970,53180,2300,2325,826
2026,MN,50970,53180,2325,2350,842
2026,MN,50970,53180,2350,2375,859
2026,MN,50970,53180,2375,2400,875
2026,MN,50970,53180,2400,2425,891
2026,MN,50970,53180,2425,2450,907
2026,MN,50970,53180,2450,2475,924
2026,MN,50970,53180,2475,2500,940
2026,MN,53180,55400,1075,1100,1
2026,MN,53180,55400,1100,1125,16
2026,MN,53180,55400,1125,1150,31
2026,MN,53180,55400,1150,1175,46
2026,MN,53180,55400,1175,1200,61
2026,MN,53180,55400,1200,1225,76
2026,MN,53180,55400,1225,1250,91
2026,MN,53180,55400,1250,1275,106
2026,MN,53180,55400,1275,1300,121
2026,MN,53180,55400,1300,1325,136
2026,MN,53180,55400,1325,1350,151
2026,MN,53180,55400,1350,1375,166
2026,MN,53180,55400,1375,1400,181
2026,MN,53180,55400,1400,1425,196
2026,MN,53180,55400,1425,1450,211
2026,MN,53180,55400,1450,1475,226
2026,MN,53180,55400,1475,1500,241
2026,MN,53180,55400,1500,1525,256
2026,MN,53180,55400,1525,1550,271
2026,MN,53180,55400,1550,1575,286
2026,MN,53180,55400,1575,1600,301
2026,MN,53180,55400,1600,1625,316
2026,MN,53180,55400,1625,1650,331
2026,MN,53180,55400,1650,1675,346
2026,MN,53180,55400,1675,1700,361
2026,MN,53180,55400,1700,1725,376
2026,MN,53180,55400,1725,1750,391
2026,MN,53180,55400,1750,1775,406
2026,MN,53180,55400,1775,1800,421
2026,MN,53180,55400,1800,1825,436
2026,MN,53180,55400,1825,1850,451
2026,MN,53180,55400,1850,1875,466
2026,MN,53180,55400,1875,1900,481
2026,MN,53180,55400,1900,1925,496
2026,MN,53180,55400,1925,1950,511
2026,MN,53180,55400,1950,1975,526
2026,MN,53180,55400,1975,2000,541
2026,MN,53180,55400,2000,2025,556
2026,MN,53180,55400,2025,2050,571
2026,MN,53180,55400,2050,2075,586
2026,MN,53180,55400,2075,2100,601
2026,MN,53180,55400,2100,2125,616
2026,MN,53180,55400,2125,2150,631
2026,MN,53180,55400,2150,2175,646
2026,MN,53180,55400,2175,2200,661
2026,MN,53180,55400,2200,2225,676
2026,MN,53180,55400,2225,2250,691
2026,MN,53180,55400,2250,2275,706
2026,MN,53180,55400,2275,2300,721
2026,MN,53180,55400,2300,2325,736
2026,MN,53180,55400,2325,2350,751
2026,MN,53180,55400,2350,2375,766
2026,MN,53180,55400,2375,2400,781
2026,MN,53180,55400,2400,2425,796
2026,MN,53180,55400,2425,2450,811
2026,MN,53180,55400,2450,2475,826
2026,MN,53180,55400,2475,2500,841
2026,MN,55400,57620,1075,1100,0
2026,MN,55400,57620,1100,1125,0
2026,MN,55400,57620,1125,1150,4
2026,MN,55400,57620,1150,1175,19
2026,MN,55400,57620,1175,1200,34
2026,MN,55400,57620,1200,1225,49
2026,MN,55400,57620,1225,1250,64
2026,MN,55400,57620,1250,1275,79
2026,MN,55400,57620,1275,1300,94
2026,MN,55400,57620,1300,1325,109
2026,MN,55400,57620,1325,1350,124
2026,MN,55400,57620,1350,1375,139
2026,MN,55400,57620,1375,1400,154
2026,MN,55400,57620,1400,1425,169
2026,MN,55400,57620,1425,1450,184
2026,MN,55400,57620,1450,1475,199
2026,MN,55400,57620,1475,1500,214
2026,MN,55400,57620,1500,1525,229
2026,MN,55400,57620,1525,1550,244
2026,MN,55400,57620,1550,1575,259
2026,MN,55400,57620,1575,1600,274
2026,MN,55400,57620,1600,1625,289
2026,MN,55400,57620,1625,1650,304
2026,MN,55400,57620,1650,1675,319
2026,MN,55400,57620,1675,1700,334
2026,MN,55400,57620,1700,1725,349
2026,MN,55400,57620,1725,1750,364
2026,MN,55400,57620,1750,1775,379
2026,MN,55400,57620,1775,1800,394
2026,MN,55400,57620,1800,1825,409
2026,MN,55400,57620,1825,1850,424
2026,MN,55400,57620,1850,1875,439
2026,MN,55400,57620,1875,1900,454
2026,MN,55400,57620,1900,1925,469
2026,MN,55400,57620,1925,1950,484
2026,MN,55400,57620,1950,1975,499
2026,MN,55400,57620,1975,2000,514
2026,MN,55400,57620,2000,2025,529
2026,MN,55400,57620,2025,2050,544
2026,MN,55400,57620,2050,2075,559
2026,MN,55400,57620,2075,2100,574
2026,MN,55400,57620,2100,2125,589
2026,MN,55400,57620,2125,2150,604
2026,MN,55400,57620,2150,2175,619
2026,MN,55400,57620,2175,2200,634
2026,MN,55400,57620,2200,2225,649
2026,MN,55400,57620,2225,2250,664
2026,MN,55400,57620,2250,2275,679
2026,MN,55400,57620,2275,2300,694
2026,MN,55400,57620,2300,2325,709
2026,MN,55400,57620,2325,2350,724
2026,MN,55400,57620,2350,2375,739
2026,MN,55400,57620,2375,2400,754
2026,MN,55400,57620,2400,2425,769
2026,MN,55400,57620,2425,2450,784
2026,MN,55400,57620,2450,2475,799
2026,MN,55400,57620,2475,2500,814
2026,MN,57620,59840,1075,1100,0
2026,MN,57620,59840,1100,1125,0
2026,MN,57620,59840,1125,1150,0
2026,MN,57620,59840,1150,1175,0
2026,MN,57620,59840,1175,1200,8
2026,MN,57620,59840,1200,1225,23
2026,MN,57620,59840,1225,1250,38
2026,MN,57620,59840,1250,1275,53
2026,MN,57620,59840,1275,1300,68
2026,MN,57620,59840,1300,1325,83
2026,MN,57620,59840,1325,1350,98
2026,MN,57620,59840,1350,1375,113
2026,MN,57620,59840,1375,1400,128
2026,MN,57620,59840,1400,1425,143
2026,MN,57620,59840,1425,1450,158
2026,MN,57620,59840,1450,1475,173
2026,MN,57620,59840,1475,1500,188
2026,MN,57620,59840,1500,1525,203
2026,MN,57620,59840,1525,1550,218
2026,MN,57620,59840,1550,1575,233
2026,MN,57620,59840,1575,1600,248
2026,MN,57620,59840,1600,1625,263
2026,MN,57620,59840,1625,1650,278
2026,MN,57620,59840,1650,1675,293
2026,MN,57620,59840,1675,1700,308
2026,MN,57620,59840,1700,1725,323
2026,MN,57620,59840,1725,1750,338
2026,MN,57620,59840,1750,1775,353
2026,MN,57620,59840,1775,1800,368
2026,MN,57620,59840,1800,1825,383
2026,MN,57620,59840,1825,1850,398
2026,MN,57620,59840,1850,1875,413
2026,MN,57620,59840,1875,1900,428
2026,MN,57620,59840,1900,1925,443
2026,MN,57620,59840,1925,1950,458
2026,MN,57620,59840,1950,1975,473
2026,MN,57620,59840,1975,2000,488
2026,MN,57620,59840,2000,2025,503
2026,MN,57620,59840,2025,2050,518
2026,MN,57620,59840,2050,2075,533
2026,MN,57620,59840,2075,2100,548
2026,MN,57620,59840,2100,2125,563
2026,MN,57620,59840,2125,2150,578
2026,MN,57620,59840,2150,2175,593
2026,MN,57620,59840,2175,2200,608
2026,MN,57620,59840,2200,2225,623
2026,MN,57620,59840,2225,2250,638
2026,MN,57620,59840,2250,2275,653
2026,MN,57620,59840,2275,2300,668
2026,MN,57620,59840,2300,2325,683
2026,MN,57620,59840,2325,2350,698
2026,MN,57620,59840,2350,2375,713
2026,MN,57620,59840,2375,2400,728
2026,MN,57620,59840,2400,2425,743
2026,MN,57620,59840,2425,2450,758
2026,MN,57620,59840,2450,2475,773
2026,MN,57620,59840,2475,2500,788
2026,MN,59840,62060,1075,1100,0
2026,MN,59840,62060,1100,1125,0
2026,MN,59840,62060,1125,1150,0
2026,MN,59840,62060,1150,1175,0
2026,MN,59840,62060,1175,1200,0
2026,MN,59840,62060,1200,1225,0
2026,MN,59840,62060,1225,1250,11
2026,MN,59840,62060,1250,1275,26
2026,MN,59840,62060,1275,1300,41
2026,MN,59840,62060,1300,1325,56
2026,MN,59840,62060,1325,1350,71
2026,MN,59840,62060,1350,1375,86
2026,MN,59840,62060,1375,1400,101
2026,MN,59840,62060,1400,1425,116
2026,MN,59840,62060,1425,1450,131
2026,MN,59840,62060,1450,1475,146
2026,MN,59840,62060,1475,1500,161
2026,MN,59840,62060,1500,1525,176
2026,MN,59840,62060,1525,1550,191
2026,MN,59840,62060,1550,1575,206
2026,MN,59840,62060,1575,1600,221
2026,MN,59840,62060,1600,1625,236
2026,MN,59840,62060,1625,1650,251
2026,MN,59840,62060,1650,1675,266
2026,MN,59840,62060,1675,1700,281
2026,MN,59840,62060,1700,1725,296
2026,MN,59840,62060,1725,1750,311
2026,MN,59840,62060,1750,1775,326
2026,MN,59840,62060,1775,1800,341
2026,MN,59840,62060,1800,1825,356
2026,MN,59840,62060,1825,1850,371
2026,MN,59840,62060,1850,1875,386
2026,MN,59840,62060,1875,1900,401
2026,MN,59840,62060,1900,1925,416
2026,MN,59840,62060,1925,1950,431
2026,MN,59840,62060,1950,1975,446
2026,MN,59840,62060,1975,2000,461
2026,MN,59840,62060,2000,2025,476
2026,MN,59840,62060,2025,2050,491
2026,MN,59840,62060,2050,2075,506
2026,MN,59840,62060,2075,2100,521
2026,MN,59840,62060,2100,2125,536
2026,MN,59840,62060,2125,2150,551
2026,MN,59840,62060,2150,2175,566
2026,MN,59840,62060,2175,2200,581
2026,MN,59840,62060,2200,2225,596
2026,MN,59840,62060,2225,2250,611
2026,MN,59840,62060,2250,2275,626
2026,MN,59840,62060,2275,2300,641
2026,MN,59840,62060,2300,2325,656
2026,MN,59840,62060,2325,2350,671
2026,MN,59840,62060,2350,2375,686
2026,MN,59840,62060,2375,2400,701
2026,MN,59840,62060,2400,2425,716
2026,MN,59840,62060,2425,2450,731
2026,MN,59840,62060,2450,2475,746
2026,MN,59840,62060,2475,2500,761
2026,MN,62060,64260,1075,1100,0
2026,MN,62060,64260,1100,1125,0
2026,MN,62060,64260,1125,1150,0
2026,MN,62060,64260,1150,1175,0
2026,MN,62060,64260,1175,1200,0
2026,MN,62060,64260,1200,1225,0
2026,MN,62060,64260,1225,1250,0
2026,MN,62060,64260,1250,1275,0
2026,MN,62060,64260,1275,1300,13
2026,MN,62060,64260,1300,1325,27
2026,MN,62060,64260,1325,1350,41
2026,MN,62060,64260,1350,1375,55
2026,MN,62060,64260,1375,1400,68
2026,MN,62060,64260,1400,1425,82
2026,MN,62060,64260,1425,1450,96
2026,MN,62060,64260,1450,1475,110
2026,MN,62060,64260,1475,1500,123
2026,MN,62060,64260,1500,1525,137
2026,MN,62060,64260,1525,1550,151
2026,MN,62060,64260,1550,1575,165
2026,MN,62060,64260,1575,1600,178
2026,MN,62060,64260,1600,1625,192
2026,MN,62060,64260,1625,1650,206
2026,MN,62060,64260,1650,1675,220
2026,MN,62060,64260,1675,1700,233
2026,MN,62060,64260,1700,1725,247
2026,MN,62060,64260,1725,1750,261
2026,MN,62060,64260,1750,1775,275
2026,MN,62060,64260,1775,1800,288
2026,MN,62060,64260,1800,1825,302
2026,MN,62060,64260,1825,1850,316
2026,MN,62060,64260,1850,1875,330
2026,MN,62060,64260,1875,1900,343
2026,MN,62060,64260,1900,1925,357
2026,MN,62060,64260,1925,1950,371
2026,MN,62060,64260,1950,1975,385
2026,MN,62060,64260,1975,2000,398
2026,MN,62060,64260,2000,2025,412
2026,MN,62060,64260,2025,2050,426
2026,MN,62060,64260,2050,2075,440
2026,MN,62060,64260,2075,2100,453
2026,MN,62060,64260,2100,2125,467
2026,MN,62060,64260,2125,2150,481
2026,MN,62060,64260,2150,2175,495
2026,MN,62060,64260,2175,2200,508
2026,MN,62060,64260,2200,2225,522
2026,MN,62060,64260,2225,2250,536
2026,MN,62060,64260,2250,2275,550
2026,MN,62060,64260,2275,2300,563
2026,MN,62060,64260,2300,2325,577
2026,MN,62060,64260,2325,2350,591
2026,MN,62060,64260,2350,2375,605
2026,MN,62060,64260,2375,2400,618
2026,MN,62060,64260,2400,2425,632
2026,MN,62060,64260,2425,2450,646
2026,MN,62060,64260,2450,2475,660
2026,MN,62060,64260,2475,2500,673
2026,MN,64260,66480,1075,1100,0
2026,MN,64260,66480,1100,1125,0
2026,MN,64260,66480,1125,1150,0
2026,MN,64260,66480,1150,1175,0
2026,MN,64260,66480,1175,1200,0
2026,MN,64260,66480,1200,1225,0
2026,MN,64260,66480,1225,1250,0
2026,MN,64260,66480,1250,1275,0
2026,MN,64260,66480,1275,1300,0
2026,MN,64260,66480,1300,1325,3
2026,MN,64260,66480,1325,1350,17
2026,MN,64260,66480,1350,1375,30
2026,MN,64260,66480,1375,1400,44
2026,MN,64260,66480,1400,1425,58
2026,MN,64260,66480,1425,1450,72
2026,MN,64260,66480,1450,1475,85
2026,MN,64260,66480,1475,1500,99
2026,MN,64260,66480,1500,1525,113
2026,MN,64260,66480,1525,1550,127
2026,MN,64260,66480,1550,1575,140
2026,MN,64260,66480,1575,1600,154
2026,MN,64260,66480,1600,1625,168
2026,MN,64260,66480,1625,1650,182
2026,MN,64260,66480,1650,1675,195
2026,MN,64260,66480,1675,1700,209
2026,MN,64260,66480,1700,1725,223
2026,MN,64260,66480,1725,1750,237
2026,MN,64260,66480,1750,1775,250
2026,MN,64260,66480,1775,1800,264
2026,MN,64260,66480,1800,1825,278
2026,MN,64260,66480,1825,1850,292
2026,MN,64260,66480,1850,1875,305
2026,MN,64260,66480,1875,1900,319
2026,MN,64260,66480,1900,1925,333
2026,MN,64260,66480,1925,1950,347
2026,MN,64260,66480,1950,1975,360
2026,MN,64260,66480,1975,2000,374
2026,MN,64260,66480,2000,2025,388
2026,MN,64260,66480,2025,2050,402
2026,MN,64260,66480,2050,2075,415
2026,MN,64260,66480,2075,2100,429
2026,MN,64260,66480,2100,2125,443
2026,MN,64260,66480,2125,2150,457
2026,MN,64260,66480,2150,2175,470
2026,MN,64260,66480,2175,2200,484
2026,MN,64260,66480,2200,2225,498
2026,MN,64260,66480,2225,2250,512
2026,MN,64260,66480,2250,2275,525
2026,MN,64260,66480,2275,2300,539
2026,MN,64260,66480,2300,2325,553
2026,MN,64260,66480,2325,2350,567
2026,MN,64260,66480,2350,2375,580
2026,MN,64260,66480,2375,2400,594
2026,MN,64260,66480,2400,2425,608
2026,MN,64260,66480,2425,2450,622
2026,MN,64260,66480,2450,2475,635
2026,MN,64260,66480,2475,2500,649
2026,MN,66480,68720,1075,1100,0
2026,MN,66480,68720,1100,1125,0
2026,MN,66480,68720,1125,1150,0
2026,MN,66480,68720,1150,1175,0
2026,MN,66480,68720,1175,1200,0
2026,MN,66480,68720,1200,1225,0
2026,MN,66480,68720,1225,1250,0
2026,MN,66480,68720,1250,1275,0
2026,MN,66480,68720,1275,1300,0
2026,MN,66480,68720,1300,1325,0
2026,MN,66480,68720,1325,1350,0
2026,MN,66480,68720,1350,1375,6
2026,MN,66480,68720,1375,1400,20
2026,MN,66480,68720,1400,1425,33
2026,MN,66480,68720,1425,1450,47
2026,MN,66480,68720,1450,1475,61
2026,MN,66480,68720,1475,1500,75
2026,MN,66480,68720,1500,1525,88
2026,MN,66480,68720,1525,1550,102
2026,MN,66480,68720,1550,1575,116
2026,MN,66480,68720,1575,1600,130
2026,MN,66480,68720,1600,1625,143
2026,MN,66480,68720,1625,1650,157
2026,MN,66480,68720,1650,1675,171
2026,MN,66480,68720,1675,1700,185
2026,MN,66480,68720,1700,1725,198
2026,MN,66480,68720,1725,1750,212
2026,MN,66480,68720,1750,1775,226
2026,MN,66480,68720,1775,1800,240
2026,MN,66480,68720,1800,1825,253
2026,MN,66480,68720,1825,1850,267
2026,MN,66480,68720,1850,1875,281
2026,MN,66480,68720,1875,1900,295
2026,MN,66480,68720,1900,1925,308
2026,MN,66480,68720,1925,1950,322
2026,MN,66480,68720,1950,1975,336
2026,MN,66480,68720,1975,2000,350
2026,MN,66480,68720,2000,2025,363
2026,MN,66480,68720,2025,2050,377
2026,MN,66480,68720,2050,2075,391
2026,MN,66480,68720,2075,2100,405
2026,MN,66480,68720,2100,2125,418
2026,MN,66480,68720,2125,2150,432
2026,MN,66480,68720,2150,2175,446
2026,MN,66480,68720,2175,2200,460
2026,MN,66480,68720,2200,2225,473
2026,MN,66480,68720,2225,2250,487
2026,MN,66480,68720,2250,2275,501
2026,MN,66480,68720,2275,2300,515
2026,MN,66480,68720,2300,2325,528
2026,MN,66480,68720,2325,2350,542
2026,MN,66480,68720,2350,2375,556
2026,MN,66480,68720,2375,2400,570
2026,MN,66480,68720,2400,2425,583
2026,MN,66480,68720,2425,2450,597
2026,MN,66480,68720,2450,2475,611
2026,MN,66480,68720,2475,2500,625
2026,MN,68720,70920,1075,1100,0
2026,MN,68720,70920,1100,1125,0
2026,MN,68720,70920,1125,1150,0
2026,MN,68720,70920,1150,1175,0
2026,MN,68720,70920,1175,1200,0
2026,MN,68720,70920,1200,1225,0
2026,MN,68720,70920,1225,1250,0
2026,MN,68720,70920,1250,1275,0
2026,MN,68720,70920,1275,1300,0
2026,MN,68720,70920,1300,1325,0
2026,MN,68720,70920,1325,1350,0
2026,MN,68720,70920,1350,1375,0
2026,MN,68720,70920,1375,1400,0
2026,MN,68720,70920,1400,1425,8
2026,MN,68720,70920,1425,1450,21
2026,MN,68720,70920,1450,1475,33
2026,MN,68720,70920,1475,1500,46
2026,MN,68720,70920,1500,1525,58
2026,MN,68720,70920,1525,1550,71
2026,MN,68720,70920,1550,1575,83
2026,MN,68720,70920,1575,1600,96
2026,MN,68720,70920,1600,1625,108
2026,MN,68720,70920,1625,1650,121
2026,MN,68720,70920,1650,1675,133
2026,MN,68720,70920,1675,1700,146
2026,MN,68720,70920,1700,1725,158
2026,MN,68720,70920,1725,1750,171
2026,MN,68720,70920,1750,1775,183
2026,MN,68720,70920,1775,1800,196
2026,MN,68720,70920,1800,1825,208
2026,MN,68720,70920,1825,1850,221
2026,MN,68720,70920,1850,1875,233
2026,MN,68720,70920,1875,1900,246
2026,MN,68720,70920,1900,1925,258
2026,MN,68720,70920,1925,1950,271
2026,MN,68720,70920,1950,1975,283
2026,MN,68720,70920,1975,2000,296
2026,MN,68720,70920,2000,2025,308
2026,MN,68720,70920,2025,2050,321
2026,MN,68720,70920,2050,2075,333
2026,MN,68720,70920,2075,2100,346
2026,MN,68720,70920,2100,2125,358
2026,MN,68720,70920,2125,2150,371
2026,MN,68720,70920,2150,2175,383
2026,MN,68720,70920,2175,2200,396
2026,MN,68720,70920,2200,2225,408
2026,MN,68720,70920,2225,2250,421
2026,MN,68720,70920,2250,2275,433
2026,MN,68720,70920,2275,2300,446
2026,MN,68720,70920,2300,2325,458
2026,MN,68720,70920,2325,2350,471
2026,MN,68720,70920,2350,2375,483
2026,MN,68720,70920,2375,2400,496
2026,MN,68720,70920,2400,2425,508
2026,MN,68720,70920,2425,2450,521
2026,MN,68720,70920,2450,2475,533
2026,MN,68720,70920,2475,2500,546
2026,MN,70920,73140,1425,1450,0
2026,MN,70920,73140,1450,1475,11
2026,MN,70920,73140,1475,1500,23
2026,MN,70920,73140,1500,1525,36
2026,MN,70920,73140,1525,1550,48
2026,MN,70920,73140,1550,1575,61
2026,MN,70920,73140,1575,1600,73
2026,MN,70920,73140,1600,1625,86
2026,MN,70920,73140,1625,1650,98
2026,MN,70920,73140,1650,1675,111
2026,MN,70920,73140,1675,1700,123
2026,MN,70920,73140,1700,1725,136
2026,MN,70920,73140,1725,1750,148
2026,MN,70920,73140,1750,1775,161
2026,MN,70920,73140,1775,1800,173
2026,MN,70920,73140,1800,1825,186
2026,MN,70920,73140,1825,1850,198
2026,MN,70920,73140,1850,1875,211
2026,MN,70920,73140,1875,1900,223
2026,MN,70920,73140,1900,1925,236
2026,MN,70920,73140,1925,1950,248
2026,MN,70920,73140,1950,1975,261
2026,MN,70920,73140,1975,2000,273
2026,MN,70920,73140,2000,2025,286
2026,MN,70920,73140,2025,2050,298
2026,MN,70920,73140,2050,2075,311
2026,MN,70920,73140,2075,2100,323
2026,MN,70920,73140,2100,2125,336
2026,MN,70920,73140,2125,2150,348
2026,MN,70920,73140,2150,2175,361
2026,MN,70920,73140,2175,2200,373
2026,MN,70920,73140,2200,2225,386
2026,MN,70920,73140,2225,2250,398
2026,MN,70920,73140,2250,2275,411
2026,MN,70920,73140,2275,2300,423
2026,MN,70920,73140,2300,2325,436
2026,MN,70920,73140,2325,2350,448
2026,MN,70920,73140,2350,2375,461
2026,MN,70920,73140,2375,2400,473
2026,MN,70920,73140,2400,2425,486
2026,MN,70920,73140,2425,2450,498
2026,MN,70920,73140,2450,2475,511
2026,MN,70920,73140,2475,2500,523
2026,MN,73140,75350,1425,1450,0
2026,MN,73140,75350,1450,1475,0
2026,MN,73140,75350,1475,1500,1
2026,MN,73140,75350,1500,1525,14
2026,MN,73140,75350,1525,1550,26
2026,MN,73140,75350,1550,1575,39
2026,MN,73140,75350,1575,1600,51
2026,MN,73140,75350,1600,1625,64
2026,MN,73140,75350,1625,1650,76
2026,MN,73140,75350,1650,1675,89
2026,MN,73140,75350,1675,1700,101
2026,MN,73140,75350,1700,1725,114
2026,MN,73140,75350,1725,1750,126
2026,MN,73140,75350,1750,1775,139
2026,MN,73140,75350,1775,1800,151
2026,MN,73140,75350,1800,1825,164
2026,MN,73140,75350,1825,1850,176
2026,MN,73140,75350,1850,1875,189
2026,MN,73140,75350,1875,1900,201
2026,MN,73140,75350,1900,1925,214
2026,MN,73140,75350,1925,1950,226
2026,MN,73140,75350,1950,1975,239
2026,MN,73140,75350,1975,2000,251
2026,MN,73140,75350,2000,2025,264
2026,MN,73140,75350,2025,2050,276
2026,MN,73140,75350,2050,2075,289
2026,MN,73140,75350,2075,2100,301
2026,MN,73140,75350,2100,2125,314
2026,MN,73140,75350,2125,2150,326
2026,MN,73140,75350,2150,2175,339
2026,MN,73140,75350,2175,2200,351
2026,MN,73140,75350,2200,2225,364
2026,MN,73140,75350,2225,2250,376
2026,MN,73140,75350,2250,2275,389
2026,MN,73140,75350,2275,2300,401
2026,MN,73140,75350,2300,2325,414
2026,MN,73140,75350,2325,2350,426
2026,MN,73140,75350,2350,2375,439
2026,MN,73140,75350,2375,2400,451
2026,MN,73140,75350,2400,2425,464
2026,MN,73140,75350,2425,2450,476
2026,MN,73140,75350,2450,2475,489
2026,MN,73140,75350,2475,2500,501
2026,MN,75350,77570,1425,1450,0
2026,MN,75350,77570,1450,1475,0
2026,MN,75350,77570,1475,1500,0
2026,MN,75350,77570,1500,1525,0
2026,MN,75350,77570,1525,1550,4
2026,MN,75350,77570,1550,1575,17
2026,MN,75350,77570,1575,1600,29
2026,MN,75350,77570,1600,1625,42
2026,MN,75350,77570,1625,1650,54
2026,MN,75350,77570,1650,1675,67
2026,MN,75350,77570,1675,1700,79
2026,MN,75350,77570,1700,1725,92
2026,MN,75350,77570,1725,1750,104
2026,MN,75350,77570,1750,1775,117
2026,MN,75350,77570,1775,1800,129
2026,MN,75350,77570,1800,1825,142
2026,MN,75350,77570,1825,1850,154
2026,MN,75350,77570,1850,1875,167
2026,MN,75350,77570,1875,1900,179
2026,MN,75350,77570,1900,1925,192
2026,MN,75350,77570,1925,1950,204
2026,MN,75350,77570,1950,1975,217
2026,MN,75350,77570,1975,2000,229
2026,MN,75350,77570,2000,2025,242
2026,MN,75350,77570,2025,2050,254
2026,MN,75350,77570,2050,2075,267
2026,MN,75350,77570,2075,2100,270
2026,MN,75350,77570,2100,2125,270
2026,MN,75350,77570,2125,2150,270
2026,MN,75350,77570,2150,2175,270
2026,MN,75350,77570,2175,2200,270
2026,MN,75350,77570,2200,2225,270
2026,MN,75350,77570,2225,2250,270
2026,MN,75350,77570,2250,2275,270
2026,MN,75350,77570,2275,2300,270
2026,MN,75350,77570,2300,2325,270
2026,MN,75350,77570,2325,2350,270
2026,MN,75350,77570,2350,2375,270
2026,MN,75350,77570,2375,2400,270
2026,MN,75350,77570,2400,2425,270
2026,MN,75350,77570,2425,2450,270
2026,MN,75350,77570,2450,2475,270
2026,MN,75350,77570,2475,2500,270
2026,MN,75350,77570,2500,Inf,270
